conversation_id,brand,customer_message,agent_response,full_context,timestamp
Tesco_2871184,Tesco,"I just paid £5 for 200 g of smoked salmon... where is the rest of it?!?! Not happy Tesco! Saw it on offer and treated myself, now feeling very ripped off. Tesco please advise!!","Can you also DM your full name, address and clear copy of your receipt? TY - Jayne 2/2","I just paid £5 for 200 g of smoked salmon... where is the rest of it?!?! Not happy Tesco! Saw it on offer and treated myself, now feeling very ripped off. Tesco please advise!!",Tue Nov 28 02:44:17 +0000 2017
Tesco_1097892,Tesco,"What is the point of Gov't bag tax for charity when local supermarket no longer provide the 5p bags, only 10p bags for life?","Hi, this is simply to encourage the usage of the recyclable bags for life that's all :). - Peter","What is the point of Gov't bag tax for charity when local supermarket no longer provide the 5p bags, only 10p bags for life?",Mon Oct 23 22:09:29 +0000 2017
Tesco_823321,Tesco,my grocery delivery is now 2 hours late. I was told the store would call. Not happened yet.,I appreciate how frustrating this must be and I'd like to investigate this further for you. 2/3,my grocery delivery is now 2 hours late. I was told the store would call. Not happened yet.,Thu Oct 12 23:44:26 +0000 2017
Tesco_29007,Tesco,Thank you James. Could you ask about getting some more please? Maybe pasta shapes or pizza? 🤓,"Hi Helen, it's a sin I know! If you could DM me your name and address I can certainly get this logged for review! TY - Martin","V important question. What dinosaur shaped food do you sell? Many thanks #dinofood
Hi Helen, from what it looks like the only dinosaur shaped food we sell are Bernard Matthews turkey dinosaurs. Thanks, James.
Thank you James. Could you ask about getting some more please? Maybe pasta shapes or pizza? 🤓",Wed Nov 01 18:52:43 +0000 2017
Tesco_1345723,Tesco,"me taking a photo of a special offer could constitute a ""business risk"" ? seriously ?! you really expect me to ask permission ?","Hi there, I can understand your frustration, however this would be entirely at the discretion of my colleagues in store. Thanks - Dafydd",". staff at Kensington Superstore told me not to take photos, of items on shelf. presume this is a mistake?
They have to take all the details and check that it does not impose any business risks. 3/4
me taking a photo of a special offer could constitute a ""business risk"" ? seriously ?! you really expect me to ask permission ?",Fri Oct 27 21:11:55 +0000 2017
Tesco_1086336,Tesco,Over a week. Still not fixed! Be quicker to put new tills in! Seriously how useless are your IT!? #tescos,"Hi Laura, I have spoken to the store about the issue with the self service, this shall be fixed by the end of the week and we very much appreciate your patience in this matter! TY - Struan","The problem will be fixed as soon as possible. Thank you - Brooke
Still not fixed. Over 72 hours! Think you need to reward club card holders and your staff for your IT deps ineptitude!
Hi Laura, I'm sorry it still hasn't been fixed. Fingers crossed it's resolved soon. Thanks - Dafydd
Over a week. Still not fixed! Be quicker to put new tills in! Seriously how useless are your IT!? #tescos",Tue Nov 14 21:57:50 +0000 2017
Tesco_2207247,Tesco,Any idea when your website is going to be working properly to book food delivery slots? It's all very well having a swanky new design when the important bit - i.e. actually ordering food - has been down for more than a week. 🤨,This has now be resolved and you should be able to book a slot 2/3,Any idea when your website is going to be working properly to book food delivery slots? It's all very well having a swanky new design when the important bit - i.e. actually ordering food - has been down for more than a week. 🤨,Fri Nov 10 00:02:31 +0000 2017
Tesco_2094385,Tesco,Melton out of stock of 5p bags so only option is 10p. Why can't they sell them at lower price? Those 5ps will add up in a big place!,Hi Jonathan. We made the decision back in August to stop selling the 5ps bags. 1/3,Melton out of stock of 5p bags so only option is 10p. Why can't they sell them at lower price? Those 5ps will add up in a big place!,Wed Nov 08 10:33:41 +0000 2017
Tesco_2850034,Tesco,can i just inform you my wife tried to speak to TescoSpytty today to org charity collection. Followed yr phone system to be rudely told by duty manager to contact someone else. She obvs never worked on tills!!,"Hi Andrew, I'm sorry the Duty Manager was so rude to you. Can you DM me with a name of who you spoke to and I'll also provide you with your local Community Champions details? This is the best person to help with any charity requests.- Reece",can i just inform you my wife tried to speak to TescoSpytty today to org charity collection. Followed yr phone system to be rudely told by duty manager to contact someone else. She obvs never worked on tills!!,Mon Nov 27 19:11:21 +0000 2017
Tesco_48546,Tesco,will fury friends be allowed in the Pets at Home concession you are opening in your Durham Dragonville store. #excited,I am sorry but we are not allowing pets into the store as we are only selling the brand of pets at home on our shelves 2/3,will fury friends be allowed in the Pets at Home concession you are opening in your Durham Dragonville store. #excited,Wed Nov 01 17:06:17 +0000 2017
Tesco_76269,Tesco,"Every Little Helps by selling short multiple times, 3 Boxes all with tiny pieces. Look at the size of the p;iece on the box?","Hi there, I'm sorry about this. Is your issue regarding the size of the Chicken Breasts Portions only or have you also bought packets that have had less Breast Portions than the number stated on the pack too? 1/3","Every Little Helps by selling short multiple times, 3 Boxes all with tiny pieces. Look at the size of the p;iece on the box?",Mon Nov 27 11:40:39 +0000 2017
Tesco_131840,Tesco,going around in circles with the poor customer service you provide online and in store😡,"Hi Louise, I'm so so sorry to hear this, my colleagues have offered to check availability in your local stores through DM. I'm sorry for any inconvenience caused. Thanks - Mark",going around in circles with the poor customer service you provide online and in store😡,Wed Nov 22 17:34:12 +0000 2017
Tesco_1288333,Tesco,"bought a finest pesto today got it home and it had ran out of date yesterday, why was it still on your shelf?","I'll need your name, address, email, the bar code, the store you bought it from and the price. 2/3","bought a finest pesto today got it home and it had ran out of date yesterday, why was it still on your shelf?",Thu Oct 26 19:40:59 +0000 2017
Tesco_2685427,Tesco,"Can you tell me why you use pork casings on your Aberdeen Angus sausages? Disappointing, as i really want to buy them 😭😭😭","Hey Nadia, I'm so sorry about this. I can certainly query this for you, however, it can take up to 5 working days for an answer. 1/2","Can you tell me why you use pork casings on your Aberdeen Angus sausages? Disappointing, as i really want to buy them 😭😭😭",Tue Oct 31 17:04:04 +0000 2017
Tesco_2236812,Tesco,- this is the 2nd green Thai chicken soup I’ve had recently- with no chicken in it #profitmargins,"To do this could you DM me your name, address, email, the barcode and supplier code of the item, the store you purchased the item from and the price you paid? 2/3",- this is the 2nd green Thai chicken soup I’ve had recently- with no chicken in it #profitmargins,Fri Nov 10 15:22:44 +0000 2017
Tesco_2877452,Tesco,"Yes, I do!","Can you also confirm the date of purchase, the store where you bought cheese and the price paid? I will then feed this back to our Supplier and refund you for the poor quality. Can you DM with your full name, address and email? 2/3","tried some of your free from@ mature cheddar cheese and the taste and smell doesn’t seem right, it just tastes synthetic and off #help
I'm really sorry to hear this Laura. Do you still have the packaging for the cheese? Thanks - Lara.
Yes, I do!",Tue Nov 28 14:43:16 +0000 2017
Tesco_116704,Tesco,Have you guys stopped doing Alpro ice cream? Both your Hertford and Ware store don’t seem to have any Alpro ice cream 😩💔,"Hi Mary, I can see our Ware store no longer stocks this, I'm afraid. I can see we have some stock in the Hertford store. Are you looking for a particular flavour? Kind regards - Rhys",Have you guys stopped doing Alpro ice cream? Both your Hertford and Ware store don’t seem to have any Alpro ice cream 😩💔,Thu Nov 23 21:50:28 +0000 2017
Tesco_764525,Tesco,"You've just made my shopping experience longer, less pleasant, and much more stressful. Why did you think this was a good idea?","I'd like to log your feedback regarding the site, can you please DM your full name, address and email? Thanks - Emma 2/2","3. WAY slower.
4. Link to give feedback on new site doesn't work.
5. Browser gives warnings that site is trying to load scripts from unauthenticated sources.
You've just made my shopping experience longer, less pleasant, and much more stressful. Why did you think this was a good idea?",Wed Oct 11 21:39:35 +0000 2017
Tesco_2273625,Tesco,who do I contact to make a complaint?,"Hi Sam, please send us a DM. We'll do our very best to help - Laura",who do I contact to make a complaint?,Sat Nov 11 13:42:12 +0000 2017
Tesco_1896014,Tesco,Love the Perfectly Imperfect range from - working against food waste & tasting just as good as the perfect spec varieties! 👍🏼,"Hi Holly, it's nice to hear such positive feedback. I hope you'll enjoy the parsnips. TY, Andrea :)",Love the Perfectly Imperfect range from - working against food waste & tasting just as good as the perfect spec varieties! 👍🏼,Wed Oct 18 12:31:57 +0000 2017
Tesco_2389127,Tesco,"Just tried to buy a reduced item at that wouldn’t scan and the attendant told me that it wouldn’t scan and there was nothing he could do, no explanation and walked off. Thankfully an off duty member off staff came to my rescue 🤔","Hi Cat, apologies for the inconvenience caused here and I'm glad that the off duty colleague managed to resolve this for you! :) What store was this at, and could you DM a name description of my colleague? Thanks - Isaac","Just tried to buy a reduced item at that wouldn’t scan and the attendant told me that it wouldn’t scan and there was nothing he could do, no explanation and walked off. Thankfully an off duty member off staff came to my rescue 🤔",Tue Nov 14 08:33:44 +0000 2017
Tesco_554225,Tesco,And the short date on the order form was for something else.,"Hi Jo, I'm sorry for the misunderstanding. Can you please DM your full name, address and email? We'll get this looked in to and of course refunded. Many thanks - Emma","got these with my online delivery this morning. It's 2nd December today. 😷
Hi there, thank you for getting in touch, sorry to see that the sausages you had delivered are short dated. I'd like to log your feedback for review by Dotcom management and refund you for your purchase. 1/2
And the short date on the order form was for something else.",Sat Dec 02 23:03:52 +0000 2017
Tesco_1494178,Tesco,"All own-brands I've had previous taste like name brand. Not yours; they have a weird, cloying taste, sadly. & why do you require my details?","We take all these comments on board to try and better our service and provide good quality products, thanks - Beth 2/2","I'm no expert, but the own brand cream crackers are pretty rank.
Hi Sharman, oh how come? Can you DM me you name, address and email address and I can log your feedback? TY- Beth
All own-brands I've had previous taste like name brand. Not yours; they have a weird, cloying taste, sadly. & why do you require my details?",Fri Nov 03 14:00:32 +0000 2017
Tesco_1500084,Tesco,"Hi. It was the first aiders, male had light brown hair, about 5'7 & female bit taller, long light brown hair, supervisor. Didn't catch names","Hi Poppy, thank you for getting back to us with those details. I've now passed this on to the management team from in store. 1/3","Thank you to the staff at #Faversham for assisting me with the elderly chap who fell over outside store this morning. Very helpful 👍
If you could provide me with the name/description of my colleagues you're referring to? I will ensure this is passed on. TY - Isaac 2/2
Hi. It was the first aiders, male had light brown hair, about 5'7 & female bit taller, long light brown hair, supervisor. Didn't catch names",Fri Nov 03 15:03:11 +0000 2017
Tesco_1944842,Tesco,Bought some peppers from today with a use by date of 2nd November on and 2/3 of the papers have mould inside them!,"Hi Alex, I am really sorry to see that the peppers you purchased from one of our stores were mouldy. 1/4",Bought some peppers from today with a use by date of 2nd November on and 2/3 of the papers have mould inside them!,Mon Oct 30 07:07:53 +0000 2017
Tesco_850205,Tesco,Can you tell me where sacked up unsold bakery items from Walkden store goes ? Hope to good cause.,"Hi Ruthie, we donate surplus baked goods to charity and that which we cannot donate is made in to feed for livestock. 1/2",Can you tell me where sacked up unsold bakery items from Walkden store goes ? Hope to good cause.,Fri Oct 20 15:08:38 +0000 2017
Tesco_2234681,Tesco,hi do you stock the Samsung j3 2016 £115 in the Tesco Extra Hanley?,But due to our stocking system not being updated live they could have less in stock when you go. Thanks - Callum 2/2,hi do you stock the Samsung j3 2016 £115 in the Tesco Extra Hanley?,Thu Oct 19 16:33:06 +0000 2017
Tesco_1935459,Tesco,Hey & neither of your stores in Ayr have any wellies in stock for boys with size 1 or over feet typical hundreds for girls ☹,I have checked Tesco direct and they have lots in stock if you would like to order online? Would you like me to log this for you? 2/3,Hey & neither of your stores in Ayr have any wellies in stock for boys with size 1 or over feet typical hundreds for girls ☹,Sun Oct 29 09:22:45 +0000 2017
Tesco_2122426,Tesco,I haven't been this disappointed with something since Shrek 2. The lack of ham in this sandwich is disappointing,"Hi Chris, I'm so sorry about the lack of ham on your sandwich. I can understand your frustration as I'm a big fan as well. 1/4",I haven't been this disappointed with something since Shrek 2. The lack of ham in this sandwich is disappointing,Wed Nov 08 15:34:24 +0000 2017
Tesco_1578553,Tesco,"For the second time my milk has gone off before its due to, where are you getting your milk from",I'm sorry to hear the milk you purchased from us is off before the use by date James. I can understand how concerning this must be. 1/4,"For the second time my milk has gone off before its due to, where are you getting your milk from",Sat Nov 04 18:45:08 +0000 2017
Tesco_1062075,Tesco,I don't have the receipt as it was purchased 3 weeks ago and I paid cash so don't have statement of proof. It's clearly a Tesco product,"If you can provide them with information regarding the transaction, they will search the system to help locate it. Regards - Isaac 2/2","Extremely disappointed with your Fox & Ivy bedding. Opened it to find a huge tear!! Poor quality!! Not happy!
Could you please return the bedding to your local Extra/Metro/Superstore along with the receipt for a full refund or replacement? Paras 2/2
I don't have the receipt as it was purchased 3 weeks ago and I paid cash so don't have statement of proof. It's clearly a Tesco product",Fri Oct 13 09:23:30 +0000 2017
Tesco_781002,Tesco,That’s Andy. How will I know of the outcome?,"Hi Gemma, I'm afraid we won't contact you with the outcome as this will be confidential between my colleague and their Line Manager. - Nye","Hi Gemma, was the vehicle a Grocery Home shopping van or an articulate lorry? TY Andrew
Home delivery van
Thank you Gemma, I've identified the drivers depot and I've given the management team the details of your complaint to investigate. Ty Andy
That’s Andy. How will I know of the outcome?",Thu Oct 12 20:40:36 +0000 2017
Tesco_2323944,Tesco,He wouldn’t have known anything about handing uniform back if he hadn’t seen your policies online and made the effort to read them as the pulborough Team decided to ignore him and not advise on anything...,"Hi there, we are only able to advise on customer care. Our colleagues here on our protector line may be able to address this issues you have advised on: 0800 374 199 - Allyn","when a member of staff leaves, do they need to return their uniform?
Hi Harriet, can I ask that you contact the Manager of the store that you worked in please and he/she will be able to assistyou. TY-Paul
He wouldn’t have known anything about handing uniform back if he hadn’t seen your policies online and made the effort to read them as the pulborough Team decided to ignore him and not advise on anything...",Tue Nov 14 08:16:45 +0000 2017
Tesco_1068858,Tesco,Why do your Lorry drivers feel it's ok to park in the Caravan parking bays at Magor services??? #inconsiderate,Their email is __email__ and their number is 0800 225 533. TY- Charlotte 2/2,Why do your Lorry drivers feel it's ok to park in the Caravan parking bays at Magor services??? #inconsiderate,Fri Oct 13 12:01:44 +0000 2017
Tesco_2324004,Tesco,Oh no what am I going to eat!,"Hi Daniel, thanks for taking the time to get in touch with us today. I'm really sorry there was an issue with our fridges, it must have been really inconvenient for you. 1/2",Oh no what am I going to eat!,Mon Nov 13 12:43:14 +0000 2017
Tesco_2938723,Tesco,"your price is £14, It's £12. Why am I not getting £2.00 back under your brand guarentee?","Hi Dave, our Brand Guarantee is when a customer has a minimum of 10 items in the basket, one must be a branded product. If the branded product is cheaper in one of our competitor store, we will match their pricing. 1/2","your price is £14, It's £12. Why am I not getting £2.00 back under your brand guarentee?",Wed Nov 29 12:56:36 +0000 2017
Tesco_2103103,Tesco,"Blonde lady working at your self checkout tills at Old Kent Road deserves a pay rise, bright smile for everyone, friendly chatter and good at what she does. Just what you need on a damp Wednesday morning 😊","However we do not have a store on Old Kent Rd, do you mean New Kent Rd? Ty Andrew 2/2","Blonde lady working at your self checkout tills at Old Kent Road deserves a pay rise, bright smile for everyone, friendly chatter and good at what she does. Just what you need on a damp Wednesday morning 😊",Wed Nov 08 11:47:58 +0000 2017
Tesco_137214,Tesco,I have signed up but in the past that hasn’t worked for me. I really don’t want to disappoint my autistic son x,"Hi Helen, thanks for getting back to us. We don't have details of availability and as such we can only ask you to keep an eye on the site for the products return. - Phil.","Please hurry up and get the big L.O.L surprise back in stock my son wants one for Xmas and I don’t want to disappoint x
We'll do our best to get more in stock Helen. If you sign up for a stock alert on the site then we'll send you an email when they're back in. - Phil.
I have signed up but in the past that hasn’t worked for me. I really don’t want to disappoint my autistic son x",Tue Nov 21 22:10:54 +0000 2017
Tesco_2676576,Tesco,"Shh! I'm cheating, it's a Betty Crocker I bought from one of your shops. They are very good though!!",Let us know how you get on 😊,"Off to bake a cake for #GBBO It's become abit of a tradition (any excuse more like!)
Fantastic! What type of cake are you baking?
Shh! I'm cheating, it's a Betty Crocker I bought from one of your shops. They are very good though!!",Tue Oct 31 14:00:58 +0000 2017
Tesco_1295230,Tesco,How is milk cheaper than water?? It still baffles me. #BritishFarming #MilkCrisis 🐮,"We guarantee every Tesco farmer is paid fairly, every pint of Tesco milk is 100% British & every cow is cared for 2/3",How is milk cheaper than water?? It still baffles me. #BritishFarming #MilkCrisis 🐮,Fri Oct 27 20:49:10 +0000 2017
Tesco_2887737,Tesco,Whats happened to toastie in last few weeks. Cant find it anywhere?! clapham south where i first found it its gone!,"Hi Hannah, I'm afraid it's no longer stocked there :( However if the Brixton Superstore is any good for you, they'll have some delivered on Saturday. Thanks - Marian",Whats happened to toastie in last few weeks. Cant find it anywhere?! clapham south where i first found it its gone!,Tue Nov 28 13:21:02 +0000 2017
Tesco_2501142,Tesco,"Turns out it's not yet perfect, it was watery and ruined my lunch, take it back and hide it 😑 #unhappyvegan #yucky #eww #lunchtime","Hi Teresa, I'm sorry the Free From Mac and Cheese was such a disappointment, can you send me a few details by DM so I can log your feedback on our system? I can send you a refund too if you'd like me to. 1/2","Turns out it's not yet perfect, it was watery and ruined my lunch, take it back and hide it 😑 #unhappyvegan #yucky #eww #lunchtime",Wed Nov 15 19:15:42 +0000 2017
Tesco_1041599,Tesco,No one likes lumpy mash with their Sunday Roast ... not impressed with this design; broke on first use 🍽😕,"If you could pop back to store with your receipt, and the product. My colleagues will happily reimburse or exchange this for you. 2/3",No one likes lumpy mash with their Sunday Roast ... not impressed with this design; broke on first use 🍽😕,Mon Nov 06 06:12:28 +0000 2017
Tesco_993522,Tesco,I have a printer that I brought 1 year and 4 days ago that now chews up the paper. Is there anything I can do about it?,"So I can look into this, please can you DM me your home address, email address and the make and model of the printer? 2/3",I have a printer that I brought 1 year and 4 days ago that now chews up the paper. Is there anything I can do about it?,Sun Oct 22 15:47:24 +0000 2017
Tesco_1220114,Tesco,5th tank of petrol with a new clubcard that won't scan and no option to insert. Useless.,There's no time limit on when you take the receipts in so you can save them up until it's convenient. Hope this helps - Cameron 4/4,5th tank of petrol with a new clubcard that won't scan and no option to insert. Useless.,Wed Oct 25 14:51:37 +0000 2017
Tesco_1695276,Tesco,Really disappointed with Tesco service and its ability to value its customers. Sainsbury's here I come!,"Hi Sue, thanks for getting in touch. Can you DM us and let us know how we've let you down? - Phil.",Really disappointed with Tesco service and its ability to value its customers. Sainsbury's here I come!,Tue Oct 17 17:06:41 +0000 2017
Tesco_1842499,Tesco,"Can you advise, is this Company policy or solely an inept MGMT team at the branch?","Hi there, I have checked on this for you. It is due to the type of product it is. 1/2","Hi there, did you ask if a manager could do this for you? They may have been able to see if they could resolve this for you - Allyn
Shocking management if you're open 24 hours a day but only for basic things
I am very sorry about this, please could you advise what store you visited? - Allyn
Can you advise, is this Company policy or solely an inept MGMT team at the branch?",Wed Oct 18 07:38:41 +0000 2017
Tesco_803655,Tesco,Argyle Street !,"Hi Dougie, thanks for getting in contact about this issue, I will try to get this issue resolved as soon as possible. TY - Lee","Watch this video to learn about the impact that the council's commercial waste pilot has had on Glasgow city centre:
Fantastic! Maybe they could look at Finnieston Glasgow and others using pavements to store roll cages
Can you confirm the store please? I would like to phone to get an explanation why these are stored outside our door way. TY - Brooke 2/2
Argyle Street !",Thu Oct 12 15:00:31 +0000 2017
Tesco_789400,Tesco,No sorry not fixed in. I even tried in incognito mode etc :(,"Hi Russell, are you able to try a different device to access our site? Thanks - Mike","Is there a problem with the website as trying to access previous grocery order (as you removed shopping list feature) & it times out.
Hi Russell, I'm sorry to learn you're having trouble on our site, can you clear the cache & cookies on your device? This fixes most issues.
No sorry not fixed in. I even tried in incognito mode etc :(",Thu Oct 12 11:41:19 +0000 2017
Tesco_1838480,Tesco,where you hiding all the sesame seeds mate?,Hi Adam. I'm sorry you're unable to find sesame seeds. If you DM me your postcode I can check your local stores for this product. TY Alisha.,where you hiding all the sesame seeds mate?,Wed Oct 18 18:53:59 +0000 2017
Tesco_2185149,Tesco,But yet online your still selling the cd online for next day delivery to store. Which is misleading as this is blatantly not the case. Have now canceled my order and gone else where. Don’t sell something or keep selling something you can’t forfill.,I can then have a look and report the product to our support teams. I look forward to hearing from you. - Phil. 3/3,"very disappointed by direct. Ordered a cd on 31 Oct for pick up 1 Nov. Had no email to say it was in. Rang Friday to say would be dispatched and should be able to pick up sat. Rang again tues (7th) as still nothing. Told would be middle of the month. Cont in next post.
But yet online your still selling the cd online for next day delivery to store. Which is misleading as this is blatantly not the case. Have now canceled my order and gone else where. Don’t sell something or keep selling something you can’t forfill.",Thu Nov 09 16:41:13 +0000 2017
Tesco_608612,Tesco,"No, it is the one on Green Lanes.","I have passed your complaint to our Management Team, so this can be addressed. If there is anything else I can help you with, please don't hesitate to contact me back. TY - Jayne","This doesn't look too good so I can understand the frustration. Was there any product in particular you wanted? I can contact the store to find out what time they're usually put out. TY - Paige
Croissants 🥐 thanks.
Hi there, can you please confirm that it was the Harringay Express store at 8-9 Salisbury Promenade you were at this morning? As I would like to make sure I'm contacting the right store. TY - Rhuari
No, it is the one on Green Lanes.",Wed Nov 22 23:39:27 +0000 2017
Tesco_1408269,Tesco,"driver of BT13XSY needs to be taken off the rd. No indicators, doesn’t believe in road junctions and nearly wiped out a car.",I'd like to let the Home Shopping Manager know. Charlotte 2/2,"driver of BT13XSY needs to be taken off the rd. No indicators, doesn’t believe in road junctions and nearly wiped out a car.",Sat Oct 28 19:09:18 +0000 2017
Tesco_441414,Tesco,Disappointed with Edwards Pork sausage from Ebbw Vale. This is second pack in which a sausage contained a lump of bone. #offputting,"Also the price paid and date purchased. Finally, let us know we are okay to pass your details onto the supplier? Thanks - David 3/3",Disappointed with Edwards Pork sausage from Ebbw Vale. This is second pack in which a sausage contained a lump of bone. #offputting,Sat Nov 04 02:17:10 +0000 2017
Tesco_2559136,Tesco,"So I’m unwell, staying in bed all day... I need to know what people have for them comfort foods please?! I really want some chunky monkey Ben and jerries ice cream bits it’s stupidly overpriced!! Or Cadbury’s! #comfortfood #unwell #ill #help #recovering",How about a warming mug of hot chocolate Louise? It should help with the recovery ☕ #EveryLittleHelps,"So I’m unwell, staying in bed all day... I need to know what people have for them comfort foods please?! I really want some chunky monkey Ben and jerries ice cream bits it’s stupidly overpriced!! Or Cadbury’s! #comfortfood #unwell #ill #help #recovering",Thu Nov 16 16:57:21 +0000 2017
Tesco_2531084,Tesco,You are awesome. ...and a third the price of an Artisan bakery,"Hi there, oh thank you! You're making us blush :) Enjoy your cornbread! Thanks - Clare","If you could tell me your local store I can check if it's available in there? Thanks, Calum 2/2
Tottenham or Lea Valley
Hi, I've checked Lea Valley, Ponders End and Tottenham and they all have Tesco Corn Bread (£1.60) in stock. TY, Liz
You are awesome. ...and a third the price of an Artisan bakery",Mon Oct 30 16:00:47 +0000 2017
Tesco_1068669,Tesco,Yes and they said they did for a while and the it disappeared,Thanks Aron. The milk duds are showing as out of stock on our system. :( - Danny,"Hi Aron, I've spoke to the store and they have the prawn cocktail crisps on the shelves again. However no plans to stock milk duds again 1/2
I think they are pulling your leg, there is only 3 of the flavours still no prawn cocktail 😧😞
Hi Aron, did you ask my colleagues in store if they had any in stock? - Danny
Yes and they said they did for a while and the it disappeared",Sat Oct 14 23:11:00 +0000 2017
Tesco_2421131,Tesco,"I will thank you, David! Btw, why is Tesco own brand Fino Sherry rare as hens’ teeth? I thought it was just a Northern Ireland thing but it’s rare in London too :-{","Hi Rob, must be because it's so good! If you would like to send a DM with your postcode I'd be happy to check your nearest stores for you! TY - Struan","Bizarre. Turned up to for #Healthwise but turned away as there was an ‘event’ on: car parking suspended. Cheers. Now I’ll head to and buy a chicken and 🍷
Enjoy Rob! - David
I will thank you, David! Btw, why is Tesco own brand Fino Sherry rare as hens’ teeth? I thought it was just a Northern Ireland thing but it’s rare in London too :-{",Tue Nov 14 20:19:20 +0000 2017
Tesco_1704826,Tesco,no Edam cheese in Martlesham since Saturday! None on shelves or counter. Is it the apocalypse? #firstworldproblems,"Hi Anastasia, sorry to hear this! However we still have in stock in this store. 1/2",no Edam cheese in Martlesham since Saturday! None on shelves or counter. Is it the apocalypse? #firstworldproblems,Mon Nov 06 22:18:17 +0000 2017
Tesco_2171374,Tesco,Thanks Andy but I don’t think I’m going to get heard here.,"I would require your full name & full address and can you DM me, Ty, Andy 2/2","Hi Sasha; please be assured that we work hard with our suppliers to offer the best prices across our range. Thanks for your time - Mat :)
Thanks for taking my issue seriously 🙄🙄
Hi Sasha, if you require any further assistance, we will be happy to help, Kind regards, Andy
Thanks Andy but I don’t think I’m going to get heard here.",Thu Nov 09 16:53:43 +0000 2017
Tesco_2734893,Tesco,Have DM ........,"Hi there, I have replied to your DM but it's caught up in our system. You should receive it soon I hope. Thanks - Dafydd","after completing my weekly shop I was amazed that on arriving at the till the rude till operator stated the following “ no bags in store , should of brought your own “ busy people don’t necessarily come straight from Home , no help offered of alternative . #rude #poor
I'd like to log your complaint on our system in addition to notifying the store, can you DM me your name, address and email so I can do so? Thanks - Dafydd 2/2
Have DM ........",Mon Nov 20 22:12:26 +0000 2017
Tesco_1816520,Tesco,"Disappointed to get a bad pack of free from cookies, usually they're excellent. This pack is really chewy and not how they should be!","Hi Wayne, I'm sorry to see this, can you DM some details so I can issue you with a Moneycard? I will need your full name and address. 1/2","Disappointed to get a bad pack of free from cookies, usually they're excellent. This pack is really chewy and not how they should be!",Mon Oct 16 07:46:14 +0000 2017
Tesco_1848900,Tesco,Hi we spoke to a lovely gentleman on the phone and it turns out it was a 9p off voucher causing the problems thank you for replying,I'm glad that's been sorted Gail. Please let me know if you need help with anything else :) - Nye,"having problems completing my online grocery order. Keeps coming up with this.....
Firstly can you please try clearing the cache and cookies on your device to see if this helps? Please let me know how you get on - Nye 3/3
Hi we spoke to a lovely gentleman on the phone and it turns out it was a 9p off voucher causing the problems thank you for replying",Wed Oct 18 20:31:09 +0000 2017
Tesco_2162729,Tesco,what happened to the Peppermint White Chocolate drizzled popcorn?? They were mouthgasmic.,Can you also DM with your postcode and I can check the stores in your area? Thanks - Alison,what happened to the Peppermint White Chocolate drizzled popcorn?? They were mouthgasmic.,Thu Oct 19 11:42:27 +0000 2017
Tesco_2667639,Tesco,Good morning team. My app appears to show I've been charged 3 times for the same transaction at this week. Can you advise on how best to sort this one please? Got a hectic working week starting tomorrow so if you can help fix this today that's be ace! Help?,"We also need the long card number which was used however please don't give to us over Twitter. Can you please DM your full name, address, postcode along with your telephone number and a suitable time to call you? Thanks, Jessica. 2/2",Good morning team. My app appears to show I've been charged 3 times for the same transaction at this week. Can you advise on how best to sort this one please? Got a hectic working week starting tomorrow so if you can help fix this today that's be ace! Help?,Sun Nov 19 09:52:47 +0000 2017
Tesco_1736837,Tesco,usually because the are close to the use by date this was past it,"Hi John, I'm very sorry to see this item has passed its use by date. I have reported this to store. Can you please DM me some details? 1/2","I know it's reduced but past it's use by date ?
Why else would it be reduced?
usually because the are close to the use by date this was past it",Tue Nov 07 09:34:51 +0000 2017
Tesco_2614549,Tesco,I bought this one a few weeks ago and have yet to open it.,"Hi Steph, we're glad that you like it :-) Allyn","also, if you're a notebook hoarder like me, I tell you, is killing it right now, cute pads for 2018 and cheap #yesplease
I bought this one a few weeks ago and have yet to open it.",Fri Nov 17 13:14:27 +0000 2017
Tesco_1188171,Tesco,Thank you but this message contradicts that?,"Hi Gemma, thank you for getting back to us, I am going to have to look into this and get back to you. TY - Chris","Can't find t's & c's online, is there a limit to number bottles of wine can order with 25% off offer? Need to stock up for Wedding!
Just remember that the wines must be 75cl and at least £4.35 in price. Please remember all wines are subject to availabilty. TY - Murray 2/2
Thank you but this message contradicts that?",Wed Oct 25 00:19:01 +0000 2017
Tesco_1751668,Tesco,Not good enough #DamagedBox,"Hi Chris, I'm really sorry to see this. I've responded to your DM to follow up on this for you. Best wishes. Mike.",Not good enough #DamagedBox,Tue Nov 07 18:16:55 +0000 2017
Tesco_22000,Tesco,disappointed with this salad brown lettuce n not one full piece of chicken glad I didn’t wait until best befor date to open it!,"Are you ok with me passing your details onto our suppliers? Also would you prefer to be refunded via post or via email? Thanks, Calum 4/4",disappointed with this salad brown lettuce n not one full piece of chicken glad I didn’t wait until best befor date to open it!,Wed Nov 01 08:07:29 +0000 2017
Tesco_679147,Tesco,"when you’re super excited for a treat, get home and see fluff in your tart :(","Please let our colleagues know if you would like a response from head office. Please could you DM us with your name, address, the store you visited and product barcode for our records? - Allyn 2/2","when you’re super excited for a treat, get home and see fluff in your tart :(",Thu Nov 23 07:28:57 +0000 2017
Tesco_924909,Tesco,What happened to the other two ? #disappointed,"Can you DM me a few details. Can you confirm your name, full address, supplier code (SC1234) and barcode? 2/3",What happened to the other two ? #disappointed,Fri Oct 13 21:44:34 +0000 2017
Tesco_497780,Tesco,"Tescos finest mince pies where next up for the testing. They look picture perfect, have a buttery pastry and a nice sugar sprinkle! Just more filling and they'd be 5 star!","Hi Verity, many thanks for the feedback! Nice to know there are plenty of positives (with a little room for improvement) ! If you could DM us your name and address, would you be happy for us to log your feedback? TY - Martin","Tescos finest mince pies where next up for the testing. They look picture perfect, have a buttery pastry and a nice sugar sprinkle! Just more filling and they'd be 5 star!",Fri Dec 01 18:39:43 +0000 2017
Tesco_1745717,Tesco,fresh from the shelf my favourite mouldy strawberries 😊😊😊,"Can you send your full name, postcode & address and email please? We'll also need some details from the packaging if you have it. 2/4",fresh from the shelf my favourite mouldy strawberries 😊😊😊,Tue Oct 17 20:24:26 +0000 2017
Tesco_1897625,Tesco,Not to worry Chris. The correct house was down the road. We're 18. They're 15. So I loaded up boot and delivered it to them.,"Hi Morris, thank you for doing that, it was very kind of you. Please let us know if we can help with anything else. TY - Chris","Surreal hour. Saw 2 shoplifters leg it from Vapes shop with manager in pursuit. Got home & large delivery in kitchen. Wrong house!
Hey Morris, sounds like an eventful evening you have had, can I ask if there was a delivery document left with the shopping. 1/2
Not to worry Chris. The correct house was down the road. We're 18. They're 15. So I loaded up boot and delivered it to them.",Tue Oct 24 19:14:40 +0000 2017
Tesco_36159,Tesco,Can I suggest some Free From Veggie spring rolls? 😍,"Hi Sara, If you DM us your full name, address and postcode we can log your request which will go under review :) - Jay",Can I suggest some Free From Veggie spring rolls? 😍,Wed Nov 01 13:50:50 +0000 2017
Tesco_2618997,Tesco,Why is this the MINIMUM amount of garlic you can buy now?,"Hmmm.....unless you're trying to repel vampires, I can see why you'd probably want to purchase a smaller amount. I can certainly document your wish to see smaller quantities for review, can you DM us? 1/2",Why is this the MINIMUM amount of garlic you can buy now?,Fri Nov 17 14:58:52 +0000 2017
Tesco_1928878,Tesco,So frustrating when your local won't take a £20 note as it's a note . It's sterling...IT STERLING,"Hi Alana, I m sorry to hear this, can you let me know which store this was, a description/name of my colleague, time and date Ty, Andy",So frustrating when your local won't take a £20 note as it's a note . It's sterling...IT STERLING,Thu Oct 26 20:57:13 +0000 2017
Tesco_369629,Tesco,"this is an insulting amount of cheese, I demand reperations, I want the the Rhineland!","Can you please DM me your full name, address and email? Could you please include the barcode, best before, batch and sc codes? 2/4","this is an insulting amount of cheese, I demand reperations, I want the the Rhineland!",Tue Oct 17 23:34:27 +0000 2017
Tesco_2672362,Tesco,I've just spent half an hour doing my Tesco online order just to find you can't deliver today or do click and collect. This was my first time....I'm going to have to use Ocado instead now.,"Hi James, we unfortunately don't do same-delivery in all of our stores. It's often a good idea to book your slot first before choosing your items. Thanks - Murray",I've just spent half an hour doing my Tesco online order just to find you can't deliver today or do click and collect. This was my first time....I'm going to have to use Ocado instead now.,Sun Nov 19 12:05:39 +0000 2017
Tesco_591634,Tesco,"Has anyone ever mentioned that the rear right-hand corner of Tesco Ystrad Mynach stinks of raw sewage? Not nice, particularly near the milk aisle. Has been like it for over a month. 🤢🤢🤢","Hi Andy, thank you for bringing it to our attention. I can understand that doing shopping in the store which has an unpleasant smell is not nice. I have contacted the store and discussed it with the management. 1/2","Has anyone ever mentioned that the rear right-hand corner of Tesco Ystrad Mynach stinks of raw sewage? Not nice, particularly near the milk aisle. Has been like it for over a month. 🤢🤢🤢",Sun Dec 03 17:05:52 +0000 2017
Tesco_870065,Tesco,Metro,If there is anything else I can help you with please get back in touch. Thanks - Lee 2/2,"Was this product underneath? TY - Olivia 2/2
No, the other product wasn't underneath. I know it's a different product, that's why it misleading
Can you confirm if it was the Metro or the Express store you were in? Thanks - Amanda 2/2
Metro",Fri Oct 20 16:27:41 +0000 2017
Tesco_2324002,Tesco,Oh no what am I going to eat!,Could you please let me know which store this was so I can inquire about the fault and see when it'll be fixed? All the best - Robyn 2/2,Oh no what am I going to eat!,Mon Nov 13 12:43:56 +0000 2017
Tesco_786896,Tesco,could you tell me if this peanut butter is gluten free ? Thank you,"Hi Rachael; leave this with me, I'm checking with our suppliers and I'll happily contact you back :) - Mat",could you tell me if this peanut butter is gluten free ? Thank you,Thu Oct 12 09:57:13 +0000 2017
Tesco_1121396,Tesco,think we will get the Nintendo switch back in before double discount ends?,"Hi Nick, I can certainly check stock availability. Can you let me know which store you are referring to? TY - Joanne",think we will get the Nintendo switch back in before double discount ends?,Tue Oct 24 06:40:35 +0000 2017
Tesco_2185057,Tesco,100% hoping for a white Christmas and some good food 😍,Fingers crossed 🤞 Any favourites that you just can't wait to tuck into? It has to be the desserts for us😋,"I'm so excited for Christmas.
What's the plan this year? Hoping for some snow? 🙊☃
100% hoping for a white Christmas and some good food 😍",Thu Nov 09 17:43:03 +0000 2017
Tesco_1969367,Tesco,Just been to Whipps Cross superstore. I have never seen so many items without a price on the shelf. Slack and careless. Won't be back,"Hi there, sorry to hear about your experience! May I ask what time you were there and which items needed priced? 1/2",Just been to Whipps Cross superstore. I have never seen so many items without a price on the shelf. Slack and careless. Won't be back,Tue Oct 31 16:04:38 +0000 2017
Tesco_2510992,Tesco,still no reply,"Hi Becca, I've replied to your DM. TY. - Mart",still no reply,Mon Oct 30 05:07:46 +0000 2017
Tesco_1901813,Tesco,"not happy Cineworld!!! Amazingly no 4g by your ticket sales in Gloucester so my Clubcard voucher wasn’t used, which I specifically purchased!!! Wasted £11.20 instead!!!!!!!","Hey Lucy, I'm sorry to hear you were not able to use your Cineworld Boost tokens. You can still use them within 6 months from when they were issued. 1/2","not happy Cineworld!!! Amazingly no 4g by your ticket sales in Gloucester so my Clubcard voucher wasn’t used, which I specifically purchased!!! Wasted £11.20 instead!!!!!!!",Sun Nov 26 08:30:49 +0000 2017
Tesco_67748,Tesco,The value Cadbury ones (they were £1.50 at Sainsbury’s),"Hi Catherine. I'm sorry, but I'm afraid that the stock level for this store is showing less than 33 for the Cadbury's advent calendars, and there isn't another expected delivery for them. 1/2","Hi Catherine, we can certainly find out for you. Can you confirm your postcode so we can find the nearest large store? We'll get in touch and see what can be done. Kind regards - Rhys
Thanks Rhys. We are at W1U 1DQ
Hi Catherine, I can certainly contact Mable Arch Metro to query if any available stock. Can you confirm which advent calendar and price range you require? TY - Joanne
The value Cadbury ones (they were £1.50 at Sainsbury’s)",Thu Nov 30 15:38:50 +0000 2017
Tesco_150683,Tesco,Yes but they weren't in my party. That's my point. Just because I happened to know them doesn't mean they are in my party.,"Therefore, my colleagues must use their best judgement in these situations, as it's much better to be safe than sorry. I hope you can understand. Thank you. - Alisha 2/2","not sure why your staff in Maryhill ID'd me because the person behind me was buying alcohol. Apparently your staff deemed I was with them and had to account for their alcohol purchase even though I was only buying crisps. You just lost a customer.
Hi Zanne, I am very sorry that we have upset you. Due to the think 25 policy our colleagues will I.D other members within the party if they believe they are under the age of 25. - Jay
Yes but they weren't in my party. That's my point. Just because I happened to know them doesn't mean they are in my party.",Fri Nov 24 16:24:07 +0000 2017
Tesco_1913677,Tesco,"i got a bed from you in feb, its broke 3xs. I was told by yous to contact supplier. Bed has now been lifted & no refund. Poor service",I will reply to your DM shortly.,"i got a bed from you in feb, its broke 3xs. I was told by yous to contact supplier. Bed has now been lifted & no refund. Poor service",Sun Oct 29 01:42:22 +0000 2017
Tesco_2630591,Tesco,Yes that comes with the free mario&rabbids game. Even if you can check any local Glasgow store. Thanks,"Hi Claire, I've had a look for you can I can't locate them in any of our stores in Glasgow and the surrounding areas. Thanks - Lee","hi, can you get your Nintendo switch bundles in store? If so are you able to check stock in Silverburn Glasgow. Thanks
Hi Claire, are you looking for the Nintendo Switch Super Mario Odyssey Edition? I can check this for you. :) - Paige
Yes that comes with the free mario&rabbids game. Even if you can check any local Glasgow store. Thanks",Fri Nov 17 18:55:10 +0000 2017
Tesco_2934773,Tesco,"your turkey and trimmings sandwich, just had turkey spinach and cranberry inside. Where's the bacon and stuffing at","Hey Liam, I'm sorry your sandwich was missing the bacon and stuffing, this must have been disappointing!! So I can log this and send you a refund for these can you DM me your full name, address and email address? 1/3","your turkey and trimmings sandwich, just had turkey spinach and cranberry inside. Where's the bacon and stuffing at",Wed Nov 29 10:14:06 +0000 2017
Tesco_506108,Tesco,"Thanks , keeping it real classy xox","Hi Saul, I'm so sorry about this, can you please let me know which store this was in so I can make them aware of this? Thanks - Mark","Thanks , keeping it real classy xox",Fri Dec 01 21:03:41 +0000 2017
Tesco_2826086,Tesco,why did you have to make these so morish 😥 Need bigger bags #glutenfree #vegetarian #lowcalories,#SorryNotSorry 😂,why did you have to make these so morish 😥 Need bigger bags #glutenfree #vegetarian #lowcalories,Mon Nov 27 10:16:59 +0000 2017
Tesco_1823211,Tesco,Son looking for parttime work #Redhill #Surrey area. Is there a Twitter Account #Tesco for Christmas Staff. Any advice pls.,All of our job offers can be found at And seasonal job's Can be found here. - Adam,Son looking for parttime work #Redhill #Surrey area. Is there a Twitter Account #Tesco for Christmas Staff. Any advice pls.,Sun Oct 15 19:51:23 +0000 2017
Tesco_1638898,Tesco,Someone already DM’ed me!,Not a problem Carrie. Have a great day. Thanks - Lara.,"When you buy a pack of raspberry donuts get half way down the motorway and realise they are all custard #EpicFail
Would you like your refund via post (approx 10 days to arrive) or email (approx. 30 mins to arrive)? Thanks - Megan 3/3
Someone already DM’ed me!",Mon Nov 06 08:22:36 +0000 2017
Tesco_521828,Tesco,Just bought our first 6pt milk bottle from . Can't believe they have a bottle that is designed to spill everywhere.,"That's not good Doug. I'd like to make a log of this on our system for review and arrange a full refund. So I can do so, can you send me the following? 1/2",Just bought our first 6pt milk bottle from . Can't believe they have a bottle that is designed to spill everywhere.,Sat Dec 02 03:29:30 +0000 2017
Tesco_1407478,Tesco,Me too I was told 14 days to get an answer .. that’s up on Monday !!,Hey Sara can you please DM me your email address so I can have a look on our system for you? TY - Rian,"Hi Sara, this will still have to been done through the Management team in store. 1/2
I sent and email to head office ! And waiting investigation results. I’m unable to go in store due to illness. Thanks
Hi Sara, I hope you manage to get this resolved soon. Thanks - Dafydd
Me too I was told 14 days to get an answer .. that’s up on Monday !!",Sun Nov 05 09:14:13 +0000 2017
Tesco_118939,Tesco,Thanks “As this isn’t the game I was looking for” do I get a free PS4 Battlefront II game as a reward for noticing? After all “I’m just a simple man trying to make my way in the universe”,"Hi David, thanks for your message. Unfortunately, I won't be able to send out this game for free. If I had “Power! Unlimited power!” as Darth Sidious said, this would not have been a problem. Thanks. Arif","The force is not with you this Xmas you have uploaded the wrong video advertising Battlefront II. Did you have a ""bad feeling about this"" and put up the video for Battlefront instead :-)
Sorry about this David, I'm surprised this has gone unnoticed for so long! I have reported this to our web team, thanks for bringing it to our attention. - Aaron
Thanks “As this isn’t the game I was looking for” do I get a free PS4 Battlefront II game as a reward for noticing? After all “I’m just a simple man trying to make my way in the universe”",Fri Nov 24 09:55:53 +0000 2017
Tesco_758803,Tesco,Hmm... Which is best value to put on my chimnea?,"Hi there, mmmm half price is always good in my book. Best wishes. Mike",Hmm... Which is best value to put on my chimnea?,Wed Oct 11 19:16:16 +0000 2017
Tesco_2140662,Tesco,go easy on the bacon won't you 😂,Could you also take a picture of your receipt for me too? (showing all the numbers at the bottom). 3/4,go easy on the bacon won't you 😂,Wed Nov 08 22:42:40 +0000 2017
Tesco_1669734,Tesco,"Last night my wife sent me to buy two items at cullompton.i couldn't find them so I asked a chap.he said I could try isle 3.i didn't find them.so i asked a you heavily pierced lass who looked it up on her phone,took me by the hand and found both items.Great service.thanks!","Hi Mark, thanks for getting in touch. I'm really glad you had a great experience with our Cullompton Superstore. Our colleagues would love to hear your feedback, would you let me know the time you popped in? :) TY - Robyn","Last night my wife sent me to buy two items at cullompton.i couldn't find them so I asked a chap.he said I could try isle 3.i didn't find them.so i asked a you heavily pierced lass who looked it up on her phone,took me by the hand and found both items.Great service.thanks!",Sun Nov 19 09:11:11 +0000 2017
Tesco_1231403,Tesco,And still no answer. Please can you help? My order no 409318854. Many thanks,I appreciate this must be disappointing and I'd like to investigate this further 2/3,"Hello,my grocery shopping should have been delivered tonight 8-9pm but still not here.On hold with your service team for 8mins...
And still no answer. Please can you help? My order no 409318854. Many thanks",Wed Oct 25 21:07:59 +0000 2017
Tesco_1557445,Tesco,what a absolute debacle system to buy fireworks 😡😡😡😡😡,"Hi Janette, what's happened & which store did you visit? - Laura",what a absolute debacle system to buy fireworks 😡😡😡😡😡,Sat Nov 04 12:43:01 +0000 2017
Tesco_1357450,Tesco,don't think my pizza is meant to be a calzone?,"HI Mike, I'm sorry to see your pizza was a little folded! I'd like to get an internal not of this if you don't mind? 1/3",don't think my pizza is meant to be a calzone?,Fri Oct 27 19:34:05 +0000 2017
Tesco_861511,Tesco,Oh dear family curry nights been ruined #sadtimes #currynightruined #nannbreadmould,I'd like to refund you & get your comments fed back to our suppliers. Where did you buy these? 2/4,Oh dear family curry nights been ruined #sadtimes #currynightruined #nannbreadmould,Fri Oct 20 17:19:55 +0000 2017
Tesco_2354120,Tesco,"Just got served by the nicest lady on the checkouts in Guildford, brightened my day no end 🌞","Hi Hannah, I'm really glad to hear this. Did you by any chance catch my colleagues name/description. Can you please advise what time you were in store and DM me a photo of the bottom of you receipt? Thanks - Mark","Just got served by the nicest lady on the checkouts in Guildford, brightened my day no end 🌞",Mon Nov 13 18:33:05 +0000 2017
Tesco_1507172,Tesco,hi why can't I book any deliveries?,"Hi John, can you please DM your full name, address and email so I can look into this? Thanks - Emma",hi why can't I book any deliveries?,Mon Oct 16 23:30:15 +0000 2017
Tesco_1041488,Tesco,"Too late now Peter, ordered it with 🙃😏","Hi Harley, apologies for the delay getting back to you! I'm glad to hear that you've managed to get a copy of the game in the end. 1/2","The definitive WWII campaign at an unbeatable price. Get #CODWWII for £44 at Tesco now, in-store and online.
I would love to buy the game from Tesco for this price.... BUT EVERY STORE IS OUT OF STOCK!! 😭😭
Hi Harley, if you let me know your postcode I can check stock in stores near you :). - Peter
Too late now Peter, ordered it with 🙃😏",Mon Nov 06 06:15:52 +0000 2017
Tesco_1520533,Tesco,When you PAY for your shop to be delivered at a certain time and they are late...again! #disappointed #notreliable so unreliable,"I'm sorry for the inconvenience, did we send a text to let you know in advance? Charlotte",When you PAY for your shop to be delivered at a certain time and they are late...again! #disappointed #notreliable so unreliable,Fri Nov 03 17:00:39 +0000 2017
Tesco_1277274,Tesco,I can fish the tin out of the bin but I've thrown the receipt 🙈 wasn't expecting to need it again,"Hi Tristan, if it's possible to retrieve the tin, please can you do this if you don't mind so we can get the correct details? TY - Mark",I can fish the tin out of the bin but I've thrown the receipt 🙈 wasn't expecting to need it again,Thu Oct 26 17:32:48 +0000 2017
Tesco_1672101,Tesco,Hey how about doing something about this bus stop at Footscray? No timetable and panels smashed #unsightly #notcustomerfriendly,"Hi Dave, I'll find out more about this. Is this the stop at our Sidcup Superstore? Charlotte",Hey how about doing something about this bus stop at Footscray? No timetable and panels smashed #unsightly #notcustomerfriendly,Sun Sep 10 21:52:02 +0000 2017
Tesco_917147,Tesco,Why does your website saying clothes are in stock at my local store yet staff say they haven't had any delivered yet?! Waste of time!,"Hi Hayley, I'm really sorry about this. Can you please let me know which store you're looking to purchase the clothing from? 1/2",Why does your website saying clothes are in stock at my local store yet staff say they haven't had any delivered yet?! Waste of time!,Thu Oct 19 10:41:42 +0000 2017
Tesco_2240912,Tesco,THIRD TIME THIS HAS HAPPENED NOW. WHY PUT MOULDY FOOD ON THE SHELVES IN THE FIRST PLACE?! SERIOUSLY CONSIDERING BUYING ELSEWHERE IN FUTURE. #Tesco #Complaint #Mould #Food #notimpressed,"Hi Laura, I'm so sorry this has happened to you again, I can understand your frustration. So I can log this and send you a refund can you please DM me your full name, address and email address. 1/3",THIRD TIME THIS HAS HAPPENED NOW. WHY PUT MOULDY FOOD ON THE SHELVES IN THE FIRST PLACE?! SERIOUSLY CONSIDERING BUYING ELSEWHERE IN FUTURE. #Tesco #Complaint #Mould #Food #notimpressed,Fri Nov 10 15:43:30 +0000 2017
Tesco_1856212,Tesco,"hi I'm looking 4 a monitor to use with an xbox1x, n as it's colleague dd next wk, wondered if we had any that can handle the graphics","We have both in stock. I hope this has helped. TY, Liz 3/3","hi I'm looking 4 a monitor to use with an xbox1x, n as it's colleague dd next wk, wondered if we had any that can handle the graphics",Thu Oct 19 11:08:36 +0000 2017
Tesco_1849952,Tesco,I was so looking forward to your new muffins!! But they're all missing their salted caramel centres..so disappointing!!,"Hi Katy, sorry about this! I know how disappointing this can be. I'd like to log your feedback internally and issue you with a refund. 1/3",I was so looking forward to your new muffins!! But they're all missing their salted caramel centres..so disappointing!!,Wed Oct 18 21:33:17 +0000 2017
Tesco_1951941,Tesco,That is understandable but why a threefold increase in twelve months?,Also it may cost the suppliers more to make the product as well which sadly correlates to the price increase. Thanks - Callum 2/2,"’s I know inflation is a thing but your packets of mini popadoms have gone from 15p to 50p in a year! Is this #brexit at work? 😔
We always strive to get the best possible prices from our suppliers and pass any savings immediately to our customers. Ty, Andy 3/3
That is understandable but why a threefold increase in twelve months?",Sun Oct 29 16:17:45 +0000 2017
Tesco_1914294,Tesco,washing up liquid as in dish soap?,Can you please go to any Metro/Extra/Superstore where they relevant forms will be completed as this is Personal Possession Damage.- Mark 2/2,"RIP to my fav white shirt- you were a legend until a broken soy sauce container in hurt you #gutted 😣😣😣😣
Here comes the mum in me...soak the stain in washing up liquid and white vinegar and then put in wash as normal. Or get Vanish 😁
washing up liquid as in dish soap?",Wed Oct 25 21:24:11 +0000 2017
Tesco_1286565,Tesco,does the Coatbridge or Bellshill store have Kellogg’s advent calendar?,But rest assured I shall be back in touch once I find out the answer for you. Thanks - Callum 3/3,does the Coatbridge or Bellshill store have Kellogg’s advent calendar?,Thu Oct 26 18:49:16 +0000 2017
Tesco_125400,Tesco,"I saw it happen at Sheldon store on the night I mentioned it. Plz keep my name out of it, I don't want to be banned for being a concerned citizen. I don't see how concentrating on one store will help any other victims across the UK though, it needs a companywide disabilty policy","Hi there, can you elaborate more here please? I would like to pass on your feedback to the store but unfortunately I would need more to go on. What did you see? times, dates, any descriptions or names of colleagues involved. 1/2","Hi there, I'm so sorry to hear of this. Was this an incident you were involved in personally or something you witnessed? Could you please DM us exactly what happened, the store & the time so we can look into this? TY - George
Witness: seems man with bad back not able to endure lower height of self service checkout but staff forced him to anyway. Disgusting. You'll either fix it or wont, but in the absence of gov. law requiring at least 1 normal till open at all times, am guessing you wont voluntarily.
Hi there, could you please DM me the details that my colleague requested? Once I have those details I'll be able to look in to this for you. TY - Paul
I saw it happen at Sheldon store on the night I mentioned it. Plz keep my name out of it, I don't want to be banned for being a concerned citizen. I don't see how concentrating on one store will help any other victims across the UK though, it needs a companywide disabilty policy",Thu Nov 23 16:25:39 +0000 2017
Tesco_1097942,Tesco,Hi Megan. It was the Tesco milk chocolate pillows,"Hi Raymond, I have had a look into this for you and I can see what you mean swimming being 8 letters and they have only gave you 7 boxes 1/2","whoever made the games on the back of your cereal clearly cannot count. Swimming has 8 letters not 7 !
Hi Raymond, can you please let me know which cereal this is and I will look into it. Thanks Megan
Hi Megan. It was the Tesco milk chocolate pillows",Tue Oct 24 11:14:24 +0000 2017
Tesco_1948240,Tesco,I just received excellent customer service in your Lisnagelvin store from Ann on the checkout. She deserves recognition!,"Hi Danielle, I'm glad you have received excellent customer service, can you please DM me detail of what my colleague done. TY - Rian",I just received excellent customer service in your Lisnagelvin store from Ann on the checkout. She deserves recognition!,Mon Oct 30 14:48:56 +0000 2017
Tesco_1168532,Tesco,"I am ok, please read the whole thread - the issue is that your national pricing system is wrong for Times Subscribers so you are not redeeming the vouchers correctly.",The Duty Manager is aware of this issue now and they are looking into it. Thank you for bringing it to our attention. TY - Stacey 2/2,"Hi Fiona, no problem thanks for getting back to me. Did my colleagues report this or advise that they would do so? Kind regards - Ross
One of your colleagues on the twitter desk said they’d raise it with the store but I assume pricing is done centrally rather than on a store by store basis. Tbh I don’t think anyone has really thought this thru’
Hi Fiona, I'm very sorry about this. I will try contacting the store and get back to you as soon as I can. Regards - Stacey.
I am ok, please read the whole thread - the issue is that your national pricing system is wrong for Times Subscribers so you are not redeeming the vouchers correctly.",Thu Oct 19 07:53:50 +0000 2017
Tesco_781000,Tesco,Home delivery van,"Thank you Gemma, I've identified the drivers depot and I've given the management team the details of your complaint to investigate. Ty Andy","I had time to complete the manoeuvre safely but he had sped up and began flashing his lights bibbing and swearing at me this was 4:50pm 2/3
Unfortunately my windows were up and radio on so I couldn’t hear exactly what was said however his manor and behaviour was inappropriate 3/3
Hi Gemma, was the vehicle a Grocery Home shopping van or an articulate lorry? TY Andrew
Home delivery van",Thu Oct 12 07:02:14 +0000 2017
Tesco_2772104,Tesco,I know and now it’s out of stock I’m so gutted for Gabby 😥,"Hi Lizzy, I would like to pass on my further apologies regarding the problem that you've had with your order. Can you please DM is with your full name, address and also order number? TY - Sheryll","cannot believe you delivered my tv today and left it out in the rain all day 😡. I do not want a soaked TV 😡
I know and now it’s out of stock I’m so gutted for Gabby 😥",Tue Nov 21 13:28:54 +0000 2017
Tesco_1267797,Tesco,do u not sell the pesto pasta pots anymore,"Hi Charlotte, can I ask if this is the product you're looking for? 1/2",do u not sell the pesto pasta pots anymore,Thu Oct 26 13:28:40 +0000 2017
Tesco_843768,Tesco,“Chicken and bacon sub”,"Hi there, I am very sorry about this. I'd like to feed this back to our supplier. 1/4",“Chicken and bacon sub”,Fri Oct 13 12:44:17 +0000 2017
Tesco_2342728,Tesco,Hey - great work at the whole home delivery of fresh groceries thing 🤨#bananabreaditis,"Hello Megan. I am very sorry you have received this poor quality banana. Can you please DM us your full name, email address and full home address details which are on your account please so I can look into this matter for you? Thanks - Ross",Hey - great work at the whole home delivery of fresh groceries thing 🤨#bananabreaditis,Mon Nov 13 15:24:35 +0000 2017
Tesco_844591,Tesco,Would suggest simply forwarding the feedback to the branch manager so they can take note and monitor it accordingly. 2/2,Please let us know if you would like us to do this under your name and address or anonymously - Allyn 2/2,"Any chance of getting cashiers at Express EC1M 3JB to concentrate on customer when serving rather than chatting 2 other staff? Cheers
Also do you have the colleague's name if not a description you can DM? Regards - Stacey. 2/2
Would suggest simply forwarding the feedback to the branch manager so they can take note and monitor it accordingly. 2/2",Fri Oct 20 14:02:18 +0000 2017
Tesco_1354637,Tesco,Just bought a 12 pack of Asahi from and the handle snapped on the way home. #Gutted,Aw Tintin I feel your pain my man. Reading that has brought a tear to my eye :( were any of the bottles damaged? - Jay,Just bought a 12 pack of Asahi from and the handle snapped on the way home. #Gutted,Fri Oct 27 18:54:23 +0000 2017
Tesco_1430668,Tesco,Come on - why does science have to be sparkly for girls and gross for boys? Just !,"Hey Rosalind, let me have a look into this for you, TY - Rian",Come on - why does science have to be sparkly for girls and gross for boys? Just !,Sun Oct 29 15:43:50 +0000 2017
Tesco_1619677,Tesco,How freaking cute are these Christmas cards I picked up from 💫💫,Pretty groovy right Adam! 🦄 What are you looking forward to most about Christmas?,How freaking cute are these Christmas cards I picked up from 💫💫,Sun Nov 05 16:18:59 +0000 2017
Tesco_1096101,Tesco,"PS I'm not that fussed, I just find it mildly amusing...","We work closely with our suppliers and continuously review our packaging, ingredients, processing and other factors that make up an item.2/3","PS I'm not that fussed, I just find it mildly amusing...",Mon Oct 23 21:32:52 +0000 2017
Tesco_1935157,Tesco,I already have an alert set up. Hope it isnt too long of a wait 😭,My fingers are crossed for you Casey :),"is there an update whether direct will get the roku express back in stock?
Alternatively I could set a stock alert for you if you DM your full name, address including postcode and email address. TY - Alison.
I already have an alert set up. Hope it isnt too long of a wait 😭",Mon Oct 30 01:35:49 +0000 2017
Tesco_2166497,Tesco,that Mary in your Stamford branch could do with a smile transplant. Miserable as sin.,What department the colleague worked in and the time of visit? - David 2/2,that Mary in your Stamford branch could do with a smile transplant. Miserable as sin.,Thu Oct 19 11:53:48 +0000 2017
Tesco_1136640,Tesco,thank you very much to your social media team who’ve helped me regarding a faulty change bag- customer service above and beyond!!,If there is anything else that we can help with please feel free to contact us. Thanks - Rishma 2/2,thank you very much to your social media team who’ve helped me regarding a faulty change bag- customer service above and beyond!!,Tue Oct 24 09:32:57 +0000 2017
Tesco_1928725,Tesco,"worst pizza I've ever had. Found at least 7 hairs, it's disgusting. How do I get my money back for this 🤢","Hi Abbie, sorry to see you've found hair in your pizza, I'd be disgusted too! I'd like to deal with this as seriously as possible. 1/4","worst pizza I've ever had. Found at least 7 hairs, it's disgusting. How do I get my money back for this 🤢",Thu Oct 26 20:33:55 +0000 2017
Tesco_1634705,Tesco,The heartbreaking moment your basic bitch needs can’t be fulfilled I bought this 3 hours ago and now I can’t make my guac 😭😭😭,"Lastly, is it okay to pass your details on to our supplier in case they wish to contact you? Thanks - Peter 5/5",The heartbreaking moment your basic bitch needs can’t be fulfilled I bought this 3 hours ago and now I can’t make my guac 😭😭😭,Sun Nov 05 20:52:29 +0000 2017
Tesco_2711172,Tesco,customer service....first time I have had a complaint .......rude and unhelpful I am disappointed as a lifelong customer and will be shopping elsewhere......,I'm sorry that you were unhappy with my reply. I can only provide you with the the correct information as to why this is. - Mart,customer service....first time I have had a complaint .......rude and unhelpful I am disappointed as a lifelong customer and will be shopping elsewhere......,Mon Nov 20 02:25:04 +0000 2017
Tesco_225379,Tesco,This is now the 2nd time that has failed to deliver my food shopping! Apparently they are going to charge us for the food and then refund the whole amount which will take 3-5 days!! This is an absolute joke!! Goodbye !! You’ve lost a customer,"Hello Mark, I am sorry your order was not delivered, can you please DM your full name, address and email? I can log your feedback for you. TY - Chris",This is now the 2nd time that has failed to deliver my food shopping! Apparently they are going to charge us for the food and then refund the whole amount which will take 3-5 days!! This is an absolute joke!! Goodbye !! You’ve lost a customer,Sat Nov 25 02:19:34 +0000 2017
Tesco_2121113,Tesco,Interesting! Never though about homemade biscuit classics.,Let us know if you make them and don't forget to tweet us a snap of the finished recipe 😊,"Only I could finish a 5am grocery run at and forget the biscuits! Tea won't be the same without them! 🙈
Oh no! 🙈 Perhaps you can make some? #EveryLittleHelps
Interesting! Never though about homemade biscuit classics.",Thu Oct 19 15:22:44 +0000 2017
Tesco_965889,Tesco,"Hi, this pack of chicken was open when we received it in our home delivery shopping. Had to throw away so nothing to return to shop.","Sorry Dolly. :( Please DM your name, address & email linked with the account. - Danny","Hi, this pack of chicken was open when we received it in our home delivery shopping. Had to throw away so nothing to return to shop.",Sat Oct 21 23:42:43 +0000 2017
Tesco_2064472,Tesco,my grocery shopping isn't working. I'm trying to checkout both via the app and online and it won't get as far as the payment page.,I appreciate this must have been frustrating. Can you let me know if you managed to check out before the cut off time? 2/3,my grocery shopping isn't working. I'm trying to checkout both via the app and online and it won't get as far as the payment page.,Wed Nov 08 01:30:56 +0000 2017
Tesco_499315,Tesco,Good morning! Any progress on this?,"Hi there Matt, no update as of yet I'm afraid. I hope you have a great day. TY - Jess","Hi Matt, the only update we have on this is that it'll be the later part of 2017. Apologies for the delay. - Isaac
Good Morning 🌞, any further updates on this?
They need to add new software to the contactless readers in store and this isn't planned until later in 2017. - Rocsi 2/2
Good morning! Any progress on this?",Sat Jul 01 11:26:06 +0000 2017
Tesco_1252621,Tesco,"also, for some reason he took photographs of my car and number plate which is distinctive, I hope I will not be targeted further",If you could also provide me with any names/descriptions of my colleague(s)? I will then chase this up. Thanks - Isaac 3/3,"also, for some reason he took photographs of my car and number plate which is distinctive, I hope I will not be targeted further",Thu Oct 26 05:42:17 +0000 2017
Tesco_1440876,Tesco,I just wish I had been brave enough to ask my UK friends sooner. They said they would have mailed me one but no one has seen it in stores for a while,"Hi Brie, can you DM your postcode please so I can check stock in stores local to you? Ty - Marian",I just wish I had been brave enough to ask my UK friends sooner. They said they would have mailed me one but no one has seen it in stores for a while,Fri Dec 01 13:10:42 +0000 2017
Tesco_1268533,Tesco,"Just to tell you, that your delivery service in NE24 is REALLY GOOD.","Glad to hear it Damien, what was it that you found so good about it? Thanks - Mike","Just to tell you, that your delivery service in NE24 is REALLY GOOD.",Thu Oct 26 13:30:55 +0000 2017
Tesco_1400025,Tesco,The point is you can't organise a Halloween cake for delivery before 31st October you can only get it on Nov 3? So what is the point?!,"The date changes, it shows 6 days from the date you sign in for preparation. You'd have needed to order before 25th to get it for 31st. 2/3","Hi Sandy, the reason for this is because we need a few days advance notice to get the order in. Charlotte
Perhaps this should have been a week in advance of 31st instead of afterwards?
Hi Sandy, the days needed to order are advertised clearly, we always advise ordering in advance. Sorry for any disappointment caused - Dani
The point is you can't organise a Halloween cake for delivery before 31st October you can only get it on Nov 3? So what is the point?!",Mon Oct 30 06:16:26 +0000 2017
Tesco_184845,Tesco,Have you all stopped selling mint poppets?!?! Can I have an explanation please 😭😭😭,"Hi there, I'm afraid Tesco has stopped selling this product. I can log your feedback if you want though. 1/2",Have you all stopped selling mint poppets?!?! Can I have an explanation please 😭😭😭,Mon Oct 16 18:48:25 +0000 2017
Tesco_785556,Tesco,They will also need to check the pricing at the tills.,"Hi there, without the packaging details, like the date code and SC code we would not be able to do a report 1/3","I'll happily escalate this so that we can ensure the correct price is showing to avoid any further confusion :) - Mat 2/2
It isn't so much ""confusion"" as you are incorrectly charging non meal deal customers at your checkout, assuming 2.20 is the correct price.
Hi, I've been in touch with the store and asked them to check the pricing on the shelves 1/2
They will also need to check the pricing at the tills.",Fri Oct 13 13:37:13 +0000 2017
Tesco_1493829,Tesco,Sue on the checkouts in your Irlam branch was awesome!! Perked up what was going to be a shite morning 😁 cheers Sue!,"If not, a description, time and till number would be fine :) TY - Olivia 4/4",Sue on the checkouts in your Irlam branch was awesome!! Perked up what was going to be a shite morning 😁 cheers Sue!,Fri Nov 03 10:48:03 +0000 2017
Tesco_972353,Tesco,Ooh that sounds lovely! Thanks for the inspo! 🙊 time to get backing!,You're very welcome 😊 Let us know if you give it a go and perhaps tweet us a snap of the finished cake 📸😊,"Catching up on bake off and really want to bake something! 😂 send suggestions!
How about his Alexandra? #EveryLittleHelps
Ooh that sounds lovely! Thanks for the inspo! 🙊 time to get backing!",Wed Oct 11 18:14:02 +0000 2017
Tesco_2103846,Tesco,godawful new 'improved' i.e RUINED website. Horrible. where the hell is 'search by list'? please please give me back the old one,"You can search by department, product or by viewing favourites, it allows you to see products purchased in the last 13 months. 2/3",godawful new 'improved' i.e RUINED website. Horrible. where the hell is 'search by list'? please please give me back the old one,Wed Nov 08 12:10:40 +0000 2017
Tesco_1795197,Tesco,you’ve changed your online groceries website??? Why can’t I input in a list of items ???,"Hi there, sorry you are having a problem adding your shopping list to your order. We are having teething problems with the new website 1/2",you’ve changed your online groceries website??? Why can’t I input in a list of items ???,Thu Oct 12 13:26:37 +0000 2017
Tesco_2603497,Tesco,Do any of you stock baking buddy natural pumpkin near me please? Cf632ra?,The nearest store coming up in the Culverhouse Cross store in Cardiff. Thanks - Leighton,Do any of you stock baking buddy natural pumpkin near me please? Cf632ra?,Mon Nov 27 10:25:39 +0000 2017
Tesco_1814522,Tesco,"really!!!! E, envelopes, etc etc","Hi Shona, thanks for getting in touch, we are aware of this spelling error and have fed this back to the relevant team. TY- Hannah.","really!!!! E, envelopes, etc etc",Sun Oct 15 22:15:35 +0000 2017
Tesco_2446635,Tesco,at tesco eastbourne...6.30 pm..It is the 6th or 8th time that I am told I can't get meat from counterGood business!,"Hi there, thank you for getting in touch, sorry to hear that you were unable to purchase meat from the counter, is there any closing times for the counter that are on show and have you raised this issue with store management? TY- Hannah.",at tesco eastbourne...6.30 pm..It is the 6th or 8th time that I am told I can't get meat from counterGood business!,Wed Nov 15 01:20:54 +0000 2017
Tesco_1860696,Tesco,It’s a bit misleading “chicken coronation sandwich” when I get sultanas mixed in. Would appreciate some meal deal voucher to make up 😤,"Hi their, I have looked up the ingredients for this sandwich and it does inform in the description on the sandwich package.1/2","Why are there sultanas in my chicken coronations sandwich?!! horrible! If it’s got sultanas, why not make it clear on the package..
...that it had sultanas?! I was expecting just coronation chicken and salad. Why ruin it with sultanas? I binned it after 1 bite. Waste of £
It’s a bit misleading “chicken coronation sandwich” when I get sultanas mixed in. Would appreciate some meal deal voucher to make up 😤",Thu Oct 19 16:17:28 +0000 2017
Tesco_1272516,Tesco,"Also, these are extremely hard to find In the first place, so it's very disappointing that they are found then can't be sold.","Hi Paul, there seems to be a few stores that come up under Brookfields Farm. Can you please confirm the postcode of the store? Thanks, Jess","its been 3 weeks and 3 times I've tried to by Retro WWE figures Instore only to be told at the till they are not on the system!
Hi Paul, could you please tell me which store you are referring to? Then I can investigate what's happening with the store. Thanks - Calum
Brookfield farm. Toys are always put out on the shelf, no price, each week they come up not on system at the till, so they can't be sold.
Also, these are extremely hard to find In the first place, so it's very disappointing that they are found then can't be sold.",Thu Oct 26 13:31:10 +0000 2017
Tesco_1531441,Tesco,Neither do I! That’s what came in the packet. 😡,Would you prefer your refund through email or by post? Also do I have your permission to pass these details to our supplier? - Reece 3/3,"So I bought some doughballs from . Are you having a laugh ? What am I meant to do with 4 doughballs and 2 extra trays?🤔😡
I don’t understand? x
Neither do I! That’s what came in the packet. 😡",Fri Nov 03 20:20:50 +0000 2017
Tesco_1500063,Tesco,Ordered Call of Duty WWII for £48 to be delivered @ home but in-store price is £44. The preorder card said I'd get the lower price?,"However, I'm more than happy to check your order for you :) Just DM me your order number, full name and address please - Dawn 2/2",Ordered Call of Duty WWII for £48 to be delivered @ home but in-store price is £44. The preorder card said I'd get the lower price?,Fri Nov 03 15:08:29 +0000 2017
Tesco_2269377,Tesco,Cannot wait to start putting up the christmas decorations this year!!! Come on December- hurry up!!!!!👌,#Excited Do you go with a colour theme with the decorations?,Cannot wait to start putting up the christmas decorations this year!!! Come on December- hurry up!!!!!👌,Sat Nov 11 09:49:43 +0000 2017
Tesco_1468507,Tesco,How much martin £,"Hi Hayden, Call of Duty WWII is currently priced at £48. TY - Paul","is the store in nottingham top valley doing midnight release? Thank you
Hi Hayden, I can confirm that this store will be doing a midnight release of the game! TY - Martin
How much martin £",Fri Nov 03 00:07:03 +0000 2017
Tesco_1636350,Tesco,My homemade sweet potato and apple soup is the best. Healthy AND comforting.,That does sound delicious! You might also like to try some of these #EveryLittleHelps,My homemade sweet potato and apple soup is the best. Healthy AND comforting.,Tue Oct 17 13:07:00 +0000 2017
Tesco_930909,Tesco,*Still* this hasn't been resolved. Can't the mighty Tesco help their store team it and put some weight behind it?,"Hi Neil, I have been in contact recently with one of the managers from the store. I have been informed over the past few weeks they have been actively reducing the sewage pipes by flushing it under the store. 1/2","Hi Neil, I can confirm that management in store are aware of this issue and it has been reported as appropriate. Many thanks - Paige
And today it's still not fixed. Absolutely disgusting.
Hi Neil, it's been reported. They're waiting for this to be fixed & addressed - Laura
*Still* this hasn't been resolved. Can't the mighty Tesco help their store team it and put some weight behind it?",Mon Nov 13 21:54:50 +0000 2017
Tesco_1494848,Tesco,hi I need to change a delivery address on my direct order,"Can you kindly DM me your order number, full name, address on the order and the address you need it change to? - Dawn :) 2/2",hi I need to change a delivery address on my direct order,Fri Nov 03 12:06:52 +0000 2017
Tesco_397862,Tesco,Cant belive i just went to and brought a meal deal and now can't find the sub... think i may have left it behind. Why must i be dumb sometimes,Hi Lincoln. I'm so sorry to hear your sandwich is missing. If you DM me which store this was in I can contact them to find out if they still have your sandwich at the store. Thank you.- Alisha.,Cant belive i just went to and brought a meal deal and now can't find the sub... think i may have left it behind. Why must i be dumb sometimes,Thu Nov 09 23:16:53 +0000 2017
Tesco_846021,Tesco,Haven't a clue as had to leave as this made me late for work!,"Hi Danielle, I have spoken to the Birmingham Jewellery Quarter Express manager and they advised they were open. 1/2","jewellery quarter branch Birmingham says open at 6am not open yet! Shop is a state inside and piled with papers out door 😡😡not gud
Hi Danielle, I'm sorry to hear the store was late opening. What time did it end up opening? Did a colleague explain the reason for this? TY
Haven't a clue as had to leave as this made me late for work!",Fri Oct 20 12:08:39 +0000 2017
Tesco_680866,Tesco,Insert ? where required.,"Hi there, we only have these flavours available: TY - Olivia","Have you stopped making your own brand Soup In A Mug. I bloody love the Sweet & Spicy. Not been able to find it for weeks. I'm starting to withdraw!
Insert ? where required.",Thu Nov 23 08:31:17 +0000 2017
Tesco_2698341,Tesco,Struggling to see how this manicure set in the Christmas catalogue is #educational,"Hi Amanda, thank you for contacting us today. I can only suggest that some girls and boys want to know how to do their nails etc. 1/2",Struggling to see how this manicure set in the Christmas catalogue is #educational,Sun Nov 19 19:47:14 +0000 2017
Tesco_2605206,Tesco,"these very disgusting items were found in my daughter’s cereal! A blueberry sized ball, and a mouldy piece of food! How is this suitable for children?! 🤔🤔 #disappointed","Hi Jasmine, I'm so sorry that you found these in your daughter's cereal. Would it be possible for you to return the cereal with the items you found back to store? 1/2","these very disgusting items were found in my daughter’s cereal! A blueberry sized ball, and a mouldy piece of food! How is this suitable for children?! 🤔🤔 #disappointed",Fri Nov 17 10:01:14 +0000 2017
Tesco_1926735,Tesco,BTW it's the free flow frozen 20% fat beef mince,"Sadly, as you don't have the packaging I can't feed this back to our suppliers but I can still fully refund you:) Thanks, Calum",BTW it's the free flow frozen 20% fat beef mince,Sun Oct 29 14:59:03 +0000 2017
Tesco_1615059,Tesco,Hi were after some Halloween decorations and pumpkins for our Halloween party.. any chance you could help us out?,"Hi there, can you follow us and let us know when you have done so via DM? We can then advise you on what to do next. - Rocsi",Hi were after some Halloween decorations and pumpkins for our Halloween party.. any chance you could help us out?,Tue Oct 17 10:35:15 +0000 2017
Tesco_2460176,Tesco,I dont need to read more. I just wanted to know why it was more than everywhere else. Jeez,"If you cancel your order, the pre-authorisation reserve will be removed from your account within a few working days :) hope this helps - Mike 3/3","Hi Nessy, this is the amount used for the pre-authorisation checks. More information available via our website - -Christie
Yes i know that but why is it £2 and everywhere else is much lower
Hi Nessy, this is the amount set for pre-authoisation checks. You can read more about this here: - Helena
I dont need to read more. I just wanted to know why it was more than everywhere else. Jeez",Wed Nov 15 09:02:12 +0000 2017
Tesco_1063951,Tesco,Finds it really annoying when I see two ppl park in a #parentchild space #alfreton and they haven’t got children with them 😡😡😡,"Hi Jane, I'm really sorry about this. Can you please confirm the date and time you visited the store so I can feed this back to them? 1/2",Finds it really annoying when I see two ppl park in a #parentchild space #alfreton and they haven’t got children with them 😡😡😡,Fri Oct 13 09:43:53 +0000 2017
Tesco_1106691,Tesco,Not sure which ones you need thought this would be easier,"My colleagues will complete the relevant forms and send this off to our suppliers, you'll then hear back within 14 days. TY- Hannah. 3/3","Hi Joanne, I understand this hasn't answered your concerns. Do you still have the packaging for the raisins by any chance? Thanks - Paige
Yes I still have the packaging! Do you need any information from it?
Hi Joanne, If you provide me with the barcode, supplier code and batch number on the product I can investigate this further. TY - Peter
Not sure which ones you need thought this would be easier",Sat Oct 14 22:24:28 +0000 2017
Tesco_1942856,Tesco,Thank you but I'd just like my shopping to arrive in the allotted time slot. Being held up every Sunday is frustrating,"Hi Diana, thank you for getting back to us, My colleague Julie has also logged this issue for review by Dotcom Management. 1/3","This is a joke. Yet again no shopping and it was due between 10-11am and no text either!!! They have even had an extra hour today!!!
Just arrived 15mins late and the poor driver has 3 more to deliver before 11am!!! They need to sort it out up there x
Thank you but I'd just like my shopping to arrive in the allotted time slot. Being held up every Sunday is frustrating",Mon Oct 30 01:15:52 +0000 2017
Tesco_2424964,Tesco,should there really be bones in my chicken?,"Hi Lindon, I'm sorry to see that you've a bone in your chicken this definitely isn't the quality we aim for. Can you DM me the following details. Your name, address, email address, store and barcode 1/2",should there really be bones in my chicken?,Tue Nov 14 18:57:00 +0000 2017
Tesco_1128420,Tesco,I've applied for 2 vacancies in the last few days so hoping to hear back :),"Best of luck Lauren. Have a nice day, Leah :)","😭😭 wow
Been on my mind all week 😭
Hi Lauren, have you been checking our website for job vacancies? :). - Peter
I've applied for 2 vacancies in the last few days so hoping to hear back :)",Sun Oct 15 14:33:12 +0000 2017
Tesco_1406756,Tesco,Good to see Aidan at Peterborough conscientiously checking food temps. Shame the probe was being kept on the floor! #secretingredient,"Hi Tom, can you DM me to elaborate slightly on the issue? Ty - Darren",Good to see Aidan at Peterborough conscientiously checking food temps. Shame the probe was being kept on the floor! #secretingredient,Sat Oct 28 18:54:35 +0000 2017
Tesco_112090,Tesco,"Here are two pics to prove my point, and these are not the only products I’ve noticed it on","When we do obtain any price reductions, we will pass them on to our customers where we can. TY - Jayne 2/2","so within the spaces of 2 days the price of bread has went up 5p any reason why?
Hi Clark, can you let me know which bread this was so I can have a look into it for you? - Owen
Here are two pics to prove my point, and these are not the only products I’ve noticed it on",Thu Nov 23 18:19:49 +0000 2017
Tesco_1609162,Tesco,"Got Delivery Saver for groceries so direct gets orders too. Never again, as they have sneaked in delivery charge on a £90 order.","So I can look into this for you though, can you DM me your order number, full name and address please? Thanks - Shannon 2/2","Got Delivery Saver for groceries so direct gets orders too. Never again, as they have sneaked in delivery charge on a £90 order.",Tue Oct 17 11:29:13 +0000 2017
Tesco_116665,Tesco,"Yes, Mannings Heath","Hi Nicole, we've had a chat with management in store, they've advised a large 'no entry' print is located on the road for customers to follow. I'm really sorry if a customer has not adhered to the signage displayed. 1/2","where have your ‘no entry’ signs gone (next to the cash machines) in the Tower Park car park? Just had somebody come up the wrong way and get quite aggressive with us
Hi Nicole, I'll find out for you. Please can you confirm it's the Poole Extra? Charlotte
Yes, Mannings Heath",Thu Nov 23 22:07:38 +0000 2017
Tesco_1459270,Tesco,Seriously? I’ve just unpacked today’s Click & Collect order. Was it really necessary to use 35 carrier bags? #drowninginbags,"Hi Su, thanks for your query. This does seem excessive I must admit. Please DM the following information: 1/2",Seriously? I’ve just unpacked today’s Click & Collect order. Was it really necessary to use 35 carrier bags? #drowninginbags,Thu Nov 02 20:50:14 +0000 2017
Tesco_2253235,Tesco,"Do you know when the November statement/vouchers (incl Christmas saver vouchers) should be arriving? It seems to have ticked over to next collection period online, but nothing yet arrived in the post.","Hi Alan. You're vouchers should arrive by Saturday at the latest! Could you DM your full name, address, email and Clubcard number? We'll have a look at your account and make sure everything is in order. Thanks - Chris.","Do you know when the November statement/vouchers (incl Christmas saver vouchers) should be arriving? It seems to have ticked over to next collection period online, but nothing yet arrived in the post.",Fri Nov 10 20:58:56 +0000 2017
Tesco_1167898,Tesco,this hard thing found inside a pack of m&ms we bought from your shop don’t really know why this hard rock type thing be inside??,Would you be able to return the product to the any of our Extra/Super/Metro store and they will log this for you and give you a refund. 2/4,this hard thing found inside a pack of m&ms we bought from your shop don’t really know why this hard rock type thing be inside??,Tue Oct 24 18:49:31 +0000 2017
Tesco_1959686,Tesco,I bought this tub of Coleslaw from #Tesco #Millharbour I just opened it to have with dinner & it has a hair sitting right on top!,"Once this is complete, they will send samples off for an investigation conducted by a Specialist Team at the hands of our supplier. 3/6",I bought this tub of Coleslaw from #Tesco #Millharbour I just opened it to have with dinner & it has a hair sitting right on top!,Mon Oct 30 21:23:10 +0000 2017
Tesco_2591500,Tesco,Trying to spend to convert £10 of vouchers for redspottedhanky but have been getting this page since Monday Any ideas?,"Hi there, have you tried clearing your cache and cookies? Kind regards - Rhys",Trying to spend to convert £10 of vouchers for redspottedhanky but have been getting this page since Monday Any ideas?,Fri Nov 17 01:15:42 +0000 2017
Tesco_1458201,Tesco,Disappointed with gf southern fried chicken. Followed the instructions only to find I was eating raw chicken 🤢,The guide is there to advise our customers but may vary for different appliances. Ty - Darren 2/2,Disappointed with gf southern fried chicken. Followed the instructions only to find I was eating raw chicken 🤢,Thu Nov 02 20:35:54 +0000 2017
Tesco_2557692,Tesco,"Thanks Chris! I surprised I didn’t bleep as I left? Hey ho, another excuse to get some more cheap selection boxes 😂","No problem at all, Perry! If you need anything else, don't hesitate to get in touch. :) - Chris. (PS who needs an excuse)","hey guys, bought a shirt from your martins heron store, didn’t know it had a tag on...am I ok to pop in later and get them to remove it? I still have receipt. Thanks
Hi Perry. I'm sorry for the inconvenience, but if you could return to the store our colleagues at the Customer Service Desk will be more than happy to remove the tag! Thanks - Chris.
Thanks Chris! I surprised I didn’t bleep as I left? Hey ho, another excuse to get some more cheap selection boxes 😂",Thu Nov 16 16:49:36 +0000 2017
Tesco_1859974,Tesco,You shouldn't be giving them out in change as customers may need to use them elsewhere!,"Hi, our cashiers shouldn't be giving these out as change, can you DM the store this happened at and the day and time this happened? TY-Donna","Still got old £1 coins? Don’t worry - all Tesco stores will accept them at the tills and self-service machines until Sunday 22/10.
You shouldn't be giving them out in change as customers may need to use them elsewhere!",Thu Oct 19 16:24:43 +0000 2017
Tesco_737637,Tesco,Ok thanks - will Tesco offer to swap the tokens over for people that have the old ones?,I'm sure new style ones will be available from various organisations shortly. TY - Alison,"Serious question:what will happen to shopping trollies now £1 coin changed? Will round trolley fob still work or will you replace?
Until this is complete our trolleys will not be locked - Allyn 2/2
Ok thanks - will Tesco offer to swap the tokens over for people that have the old ones?",Wed Oct 11 13:33:29 +0000 2017
Tesco_1634698,Tesco,. not impressed. I just opened my new packet of Tesco plain flour (BB Jan 2018) to find some 6-legged friends... 🐛🐛🐛🐛,This way I can log this on our system for review too. Thanks - Peter 5/5,. not impressed. I just opened my new packet of Tesco plain flour (BB Jan 2018) to find some 6-legged friends... 🐛🐛🐛🐛,Sun Nov 05 20:55:07 +0000 2017
Tesco_1965002,Tesco,your pistachios are all Shell and no nuts 🤔,Lastly can you also confirm that I can pass your details to our suppliers? Ty - Darren 4/4,your pistachios are all Shell and no nuts 🤔,Tue Oct 31 07:33:12 +0000 2017
Tesco_1996621,Tesco,Thanks I've sent over the details,"Hi Charlotte, It's just to let you know I've replied to your DM. Thanks, Jessica.","I returned a tesco direct order to store but haven't had my clubcard vouchers refunded.
Hi Charlotte. That's strange. They usually get added back on as points within a few days. I can take a look for you if you send me your name, address, email and clubcard number. Thanks - Cameron
Thanks I've sent over the details",Sun Nov 26 12:31:08 +0000 2017
Tesco_2886983,Tesco,Thank. I await your reply 👍,"Hi Carl, thanks for your patience here. I am sorry we have not been able to do so on this occasion, as we do try to adsorb costs where possible; the price change is due to changes in the market and increased cost of raw materials.​ 1/2","Hi Carl, are you referring to this one; Ty - Marian
Yes that's the one Marian. £1 last Monday, £1.10 a week later
Hey Carl, thanks for confirming this! We'll get a solid answer to you shortly, hold tight! Thanks - David
Thank. I await your reply 👍",Wed Nov 29 16:37:33 +0000 2017
Tesco_474531,Tesco,Pm you x,I have responded to your DM. TY - Jayne,"Hey, can you advise which store you visited? Thanks - Leighton
Gillingham extra 👍
I'd also like to log this into my system. For me to do this could you please send me your full name and address? Thanks, Calum 2/2
Pm you x",Sat Dec 02 04:03:04 +0000 2017
Tesco_100233,Tesco,You know who’s killin. The birthday cake game? their Cookies and Cream birthday cake is immense 😍🙌🏼😍,"Hi Kadi, I'm glad you enjoyed our Cookies and Cream cake. Ty - Reece",You know who’s killin. The birthday cake game? their Cookies and Cream birthday cake is immense 😍🙌🏼😍,Thu Nov 30 17:06:55 +0000 2017
Tesco_1916847,Tesco,First you couldn't deliver my order and now it's been over 2 weeks and you can't issue a refund on time #useless,"If it's been longer, we can take a look. Can you send a DM containing your full name, full address & email please? -Christie 2/2",First you couldn't deliver my order and now it's been over 2 weeks and you can't issue a refund on time #useless,Thu Oct 26 07:32:51 +0000 2017
Tesco_81011,Tesco,"General Speed,irrelevant search results,automated re-ordering of items in basket,no eggtimer to show it working during apparent inactivity..","Thank you for getting back to us Malcolm, can you please DM your full name, address and email? I can log your feedback for you. TY - Chris","I have no idea what the intention was behind the revamp of your online grocery ordering website, but you've managed the render it virtually unusable.
I'm sorry that you have had problems with the Malcolm, can you please let me know what issues you have had with them exactly please? Thanks - Mike
General Speed,irrelevant search results,automated re-ordering of items in basket,no eggtimer to show it working during apparent inactivity..",Thu Nov 30 20:23:55 +0000 2017
Tesco_2708704,Tesco,"MAAAANNN Tesco out here trying to kill me. Found a big piece of plastic in my sandwich I had to spit this out,care to explain? It’s Sunday so I can’t even go back to the store","Hi Jab, I'm sorry you found this in your sandwich! Can you please return this and the packaging to your nearest Metro, Extra or Superstore? My colleagues will complete some paperwork with you and then send it off for investigation. 1/2","MAAAANNN Tesco out here trying to kill me. Found a big piece of plastic in my sandwich I had to spit this out,care to explain? It’s Sunday so I can’t even go back to the store",Mon Nov 20 00:47:03 +0000 2017
Tesco_1862700,Tesco,"I know that, it's not the money it's the fact he will be disappointed and I can't get that time back. Not good quality is it.",Our colleagues will be able to complete a report on the product when you return to make sure it is fed back to our supplier - Allyn 3/3,"bought 2 of these yesterday for a party tonight, 1 doesn't glow! No time to return to store before 5 😞
Hi Jazz, I am very sorry about this. We will need it returned with the receipt for us to arrange an exchange or refund - Allyn
I know that, it's not the money it's the fact he will be disappointed and I can't get that time back. Not good quality is it.",Fri Oct 20 10:50:35 +0000 2017
Tesco_794770,Tesco,I purchased money through TESCO my contract is with you. You need to sort it. try a bit of customer service,"Hi there. If you don't want to get in touch with Travelex yourself, I can send your issue to them. Can you DM me your full name? TY Alisha.","Please contact Travelex on: 0845 8727 627 or: __email__ my colleagues will happily assist you - Mat
So they will deliver the money to my house tonight?
Hi there, like my colleague has said if you can get in touch with Travelex my colleagues will be more than happy to help you. - Callum
I purchased money through TESCO my contract is with you. You need to sort it. try a bit of customer service",Thu Oct 12 14:59:18 +0000 2017
Tesco_1605458,Tesco,On 3.11.17 at approx 5.15am pump 3,"I'm sorry Claire, please can you elaborate further? Where the pumps locked or had they run out of fuel? TY - Jayne","if your Ystrad Mynach store is supposed to have 24 hour fuel make sure you can pay at the god damn pump 😡
Hi Claire, I'm very sorry about this. Can you let me know what pump you were trying to use? What time did you visit? Stacey.
On 3.11.17 at approx 5.15am pump 3",Thu Nov 09 21:33:53 +0000 2017
Tesco_923847,Tesco,Yes that is perfect,"Hi Cat, if you look on our website we currently have the top available in a size 10. Best wishes. Mike","Hi Cat, I'll check this for you. What size and colour were you looking for? Thanks, Dee.
Size 8 or 19 please thanks
Hi Cat, we have the burgundy in a size 10 if that's good for you? Thanks, Dee.
Yes that is perfect",Sat Oct 21 17:13:26 +0000 2017
Tesco_2089228,Tesco,Did you know your own brand bath foam doesn't leave any perfume on your skin after use . Regards .,I'd like to let our supplier know and refund you. To do this I will need some information if that is alright? 2/4,Did you know your own brand bath foam doesn't leave any perfume on your skin after use . Regards .,Fri Jan 20 19:02:19 +0000 2017
Tesco_684040,Tesco,Send them my way......especially with Xmas coming up.,"Here there are, let us know how you get on - we love a photo 😊😊😊","Sounds delightful, tempted to ask do you have room for one more? 😅
There's 5 of us and I work full time, tea prepping is my life (when I'm not working)
Sounds like it worth it, though for the tasty food your making. Bet everyone is smiling after tea. 😊 We have a few recipes here for the slow cooker - with some desserts too.
Send them my way......especially with Xmas coming up.",Thu Nov 23 13:26:07 +0000 2017
Tesco_2266208,Tesco,What are you doing at 5:30 in the morning that you have to make so much noise #Cirencester #Kingsmeadow Think of your neighbours who are trying to sleep. #selfish #thoughtless,"Hi there, sorry to be a pain but I can't get a hold of the store at the minute. I'll keep trying and come back to you once I have an answer. - David",What are you doing at 5:30 in the morning that you have to make so much noise #Cirencester #Kingsmeadow Think of your neighbours who are trying to sleep. #selfish #thoughtless,Sat Nov 11 08:26:42 +0000 2017
Tesco_1358227,Tesco,I bought 10 Lego sets yesterday and today they are 3 for 2. Any way I can get the difference back?,"Hi Helen, we have a 30 day change of mind policy.Which entitles you to return the item as sold with the receipt for a full refund. - Rocsi",I bought 10 Lego sets yesterday and today they are 3 for 2. Any way I can get the difference back?,Fri Oct 27 18:46:26 +0000 2017
Tesco_1506152,Tesco,We have been in touch with Lewis King at Infirmary Road who is arranging for all stores in Sheffield to contribute if they can. Thanks! #TCD17 🎄,"Hi, I'm glad that the you've been in touch with the store and that they've been able help with this. Thanks, Jessica.","Thanks to stores in Sheffield & manager Lewis King who's organising all our food for our Christmas Dinner! Amazing! 🍗🍜🍞🍰🍪
So I can pass over your kind words, can you advise if the store is Sheffield Extra? TY - Jayne
We have been in touch with Lewis King at Infirmary Road who is arranging for all stores in Sheffield to contribute if they can. Thanks! #TCD17 🎄",Wed Nov 08 11:25:37 +0000 2017
Tesco_1436754,Tesco,"There are CHICKENS & HENS running around your car park!!! - Wembley, Great Central Way. Nearly ran one over. What's going on???",They are assuming they have come from there. Someone is currently looking into it and will be asking them to leave. Beth 2/2,"There are CHICKENS & HENS running around your car park!!! - Wembley, Great Central Way. Nearly ran one over. What's going on???",Thu Nov 02 14:16:00 +0000 2017
Tesco_1860296,Tesco,Big changes coming through Tesco & big changes for all human staff. Many mgrs left às asked to incorporate the changes,"Hi, can you DM me and expand on this? The more understanding I can gain of the issue, the easier it will be to look into that for you. #TY","Hi there, please could you advise further on this? Where did you see this regarding our Clubcard? - Allyn
Advised by Tesco mgr of Purley?
Can you elaborate further on what was said? Clubcard has not changed, you get 1 point for every £1 spent at Tesco. #TY - Kayleigh
Big changes coming through Tesco & big changes for all human staff. Many mgrs left às asked to incorporate the changes",Thu Oct 19 16:33:10 +0000 2017
Tesco_2122399,Tesco,"Not the first time this has happened, surely the existence of an action plan would have been useful to ensure swifter resolution","Hi, I can only apologise for your wait within the car park. Can I ask if you spoke to a member of Management at the time? 1/2","Stuck in a Tesco’s Salisbury carpark for nearly an hour , free bottle of water, an apology but very little action or clue!!!
Signs of management, no signs of a clue!!!
I do sincerely apologise for the wait! We should have things moving again soon! Kind regards - Martin 3/3
Not the first time this has happened, surely the existence of an action plan would have been useful to ensure swifter resolution",Wed Nov 08 18:50:50 +0000 2017
Tesco_1808814,Tesco,left £100 cheaper as your staff couldn’t be bothered to get the perfume cabinet opened! Oh well! you were cheaper as well,Did they give any reason why they wouldn't be able to open the perfume cabinet for you? I look forward to your reply. Thanks - Dafydd 4/4,left £100 cheaper as your staff couldn’t be bothered to get the perfume cabinet opened! Oh well! you were cheaper as well,Sat Oct 14 16:12:52 +0000 2017
Tesco_2678623,Tesco,purchased some donuts @ Loughborough yesterday. Opted for Cookies & Cream to get home to find they were peanut butter. Mixing locations with nuts is a big no no and ruined the dozen for a birthday gift!,"Oh no, sorry to hear this, Jo! The Krispy Kreme counter is re-stocked by Krispy Kreme. However, if you return the doughnuts to our store with your receipt, my colleagues will provide a refund or exchange - Laura :)",purchased some donuts @ Loughborough yesterday. Opted for Cookies & Cream to get home to find they were peanut butter. Mixing locations with nuts is a big no no and ruined the dozen for a birthday gift!,Sun Nov 19 13:13:22 +0000 2017
Tesco_620499,Tesco,"I called the store and found him. Apparently he's called M Champion: Champion by name, Champion by nature ✨",Hi there. I just found the store too. I'm so glad you called the store and could let them know how amazing he was yourself. I've also logged it on our system so it'll definitely get fed back to him. :) TY- Charlotte,"Thanks for replying! Can I ask if this was the Poole Fleets Corner Extra on Waterloo Road, or Poole Extra on Yarrow Road? Thanks - Struan :)
It was the one in Cornwall 👇🏽
I called the store and found him. Apparently he's called M Champion: Champion by name, Champion by nature ✨",Wed Nov 22 17:10:35 +0000 2017
Tesco_1675621,Tesco,"(Its not just chicken Caesar, they are just my fav and what I normally buy)",He informed me that they put the sandwiches out as soon as they get them but unfortunately sometimes deliveries are late. 2/3,"at St Enoch really needs to stock up the sandwiches earlier. Go in every morning only to find no chicken caesar wraps out. Shocking.
Hi Christie, can you please tell me what store this was in? and I can pass on your complaint to the Duty Manager. TY - Rian
(Its not just chicken Caesar, they are just my fav and what I normally buy)",Mon Nov 06 15:57:53 +0000 2017
Tesco_2654020,Tesco,Nice touch from adding a couple of flies to their croissants. Not often you get something for nothing!,"Hi Lindsey, I'm sorry to see the flies on your Croissants, I can understand how unpleasant this must have been. At your earliest convenience, please return the packaging & contents to your nearest Metro, Superstore or Extra. 1/2",Nice touch from adding a couple of flies to their croissants. Not often you get something for nothing!,Sun Nov 19 04:42:03 +0000 2017
Tesco_1575509,Tesco,"I know its not pasta because obvs they're crisps, but it looks and tasted like it 😂😂","Hi Kate, I'm sorry to hear this. Could you please DM us and elaborate on it more? TY - Eve","I know its not pasta because obvs they're crisps, but it looks and tasted like it 😂😂",Sat Nov 04 18:04:19 +0000 2017
Tesco_2878328,Tesco,And eventually our delivery didnt even arrive. Worst customer experience i have ever had anywhere,"Hi Luke, I'm so sorry for this experience and I would like to find out what happened so that I can begin to hopefully make this right for you. Can you please DM your full name, address and email so I can investigate immediately? TY - Mike","been waiting an hour for my delivery. Was told by a woman on the phone that it would be here by 10.30 and still nothing arrived. Then spoke to a rude woman on the phone. Disgraceful customer service and i expect a very hefty refund
And eventually our delivery didnt even arrive. Worst customer experience i have ever had anywhere",Tue Nov 28 07:25:57 +0000 2017
Tesco_2031263,Tesco,So excited to decorate my room and home all Christmassy 😍 even if I’m having a winter holiday in the sun for a week still gonna be festive 🎄,Getting into the Christmas spirit Soph🙌 We've got some decorating ideas to share🎅 #EveryLittleHelps,So excited to decorate my room and home all Christmassy 😍 even if I’m having a winter holiday in the sun for a week still gonna be festive 🎄,Tue Nov 07 12:38:51 +0000 2017
Tesco_997312,Tesco,not happy found this bit of wood in your crips good job it wasn't 1 of my children eating them!!! God knows what could of happened,I Look forward to hearing back from you. Thanks - Mark 4/4,not happy found this bit of wood in your crips good job it wasn't 1 of my children eating them!!! God knows what could of happened,Tue Oct 24 21:42:59 +0000 2017
Tesco_898932,Tesco,"absolutely lovely security guy working in the Dundee Kingsway Tesco today around 1pm, nice staff make all the difference 👌🏻",Hi Abi :) I'm really glad to hear this! I'd like to feed this back to the store so my colleague gets the recognition that he deserves. 1/2,"absolutely lovely security guy working in the Dundee Kingsway Tesco today around 1pm, nice staff make all the difference 👌🏻",Sat Oct 21 04:01:55 +0000 2017
Tesco_2753,Tesco,im gonna take u up on your satisfactory offer & return these. Theres an overwhelming taste of coconut & milk powder but no curry!,I would like to issue a refund for you and pass your comments to our supplier. Can you DM some information? 2/4,im gonna take u up on your satisfactory offer & return these. Theres an overwhelming taste of coconut & milk powder but no curry!,Tue Oct 31 22:50:37 +0000 2017
Tesco_904798,Tesco,"Hi , I think your new online filters may need some work. Spot the mistake",Can you try either clearing the cache and cookies or uninstalling then reinstalling the app? Thanks- James 2/2,"Hi , I think your new online filters may need some work. Spot the mistake",Sat Oct 21 01:00:40 +0000 2017
Tesco_2508594,Tesco,what the hell is this revolting mouldy slimey white and green lump of stuff in my packet of rice. Use by date 2019!!!!,"Hi Jo, I'm really sorry that you found this in your product. Would you be able to return the product to the any of our Extra/Super/Metro store and they will log this for you and give you a refund? 1/2",what the hell is this revolting mouldy slimey white and green lump of stuff in my packet of rice. Use by date 2019!!!!,Wed Nov 15 22:11:41 +0000 2017
Tesco_540426,Tesco,"Not really, they handled the issue well but it’s still a massive annoyance!",I'm sorry for the inconvenience. I'm positive that your experience will get better. - Mart,"Did you re-scan your shop as part of a random search? Or was there an error? If this was a search, these are done at random when prompted by the system. Some things, like removing an item, can increase the likelihood of a search. TY - Paige
Random search, didn’t load up from the handheld so we had to go to a till, unpack, scan and re-pack. This happened on 3 separate occasions. The system must really hate me.
Hi Sarah. I'm really sorry about that. Getting stopped for a search AND having an error is incredibly bad luck. Did my colleagues in the store say anything about what was causing it not to load up from the handheld? - Cameron
Not really, they handled the issue well but it’s still a massive annoyance!",Sun Dec 03 00:40:58 +0000 2017
Tesco_1467590,Tesco,great cust service from Thylia on the phones at HO and Michelle in Bicester superstore following a bit of an issue with a product,"Hi Gideon, thats great to hear! Could you please send us a DM to elaborate? Thanks :) - Tyler",great cust service from Thylia on the phones at HO and Michelle in Bicester superstore following a bit of an issue with a product,Thu Nov 02 19:48:19 +0000 2017
Tesco_1553342,Tesco,So great caeser salad.... Not there was no parmigiano reggiano. Very embarrassing in front of my dinner guest last night😱,"So I can log this and send you a refund for these can you DM me your full name, address and email address? 2/4",So great caeser salad.... Not there was no parmigiano reggiano. Very embarrassing in front of my dinner guest last night😱,Sat Nov 04 11:06:45 +0000 2017
Tesco_1493005,Tesco,"And while I'm here, the Feedback option isn't working. Just takes you back to the homepage. And Search is still as rubbish as ever.",I would advise using another browser or clearing any cache and cookies. I hope this helps! TY - Eilish 3/3,"Errrr, where is it then?????
Hi Sophie, they're back online now. Once you've logged in you'll see 'My Favourites' tab - click that and Shopping Lists will be there :)
They're not shopping lists, they're lists I've bought before. I don't want the exact same stuff every time - need a new list facility???????
And while I'm here, the Feedback option isn't working. Just takes you back to the homepage. And Search is still as rubbish as ever.",Fri Nov 03 15:40:42 +0000 2017
Tesco_1097895,Tesco,"Good idea, but at the same time charities are losing out. Sometimes it's handy just to get a small 5p bag on a spur of moment small shop. :)","These support local communities and provide them with a grant, which is voted for by shoppers in the area. Regards - Isaac 2/2","What is the point of Gov't bag tax for charity when local supermarket no longer provide the 5p bags, only 10p bags for life?
Hi, this is simply to encourage the usage of the recyclable bags for life that's all :). - Peter
Good idea, but at the same time charities are losing out. Sometimes it's handy just to get a small 5p bag on a spur of moment small shop. :)",Tue Oct 24 11:41:01 +0000 2017
Tesco_981328,Tesco,what is going on with your Luvabella stock? I can add to basket but unable to checkout? Trying for 10 mins before unavailable again 😡,When this happens it will show as in stock but won't allow you to check out. 3/4,what is going on with your Luvabella stock? I can add to basket but unable to checkout? Trying for 10 mins before unavailable again 😡,Wed Oct 11 21:03:17 +0000 2017
Tesco_2764648,Tesco,"No substitutions where pointed out. However, they did occur. One time a Christmas biscuit box arrived with a different animal on it, and another time Fanta zero was half-zero and half-normal Fanta.","Hi Kieran, thanks for getting back in touch. I would like to echo Terri's last post to say sorry for the troubles caused with your previous grocery order. You're completely correct, the driver should point out any substitutions. 1/2","Oh yeah, guys. Why did my shopping arrive 15 minutes before my time slot last time I made an order, and items where changed without been called a substitute?
Hi Kieran, I'm so sorry the order arrived 15 minutes early, please could you let us know if the driver pointed out the substitutions to you? Could you DM your full name, address and email address? Thanks - Terri
No substitutions where pointed out. However, they did occur. One time a Christmas biscuit box arrived with a different animal on it, and another time Fanta zero was half-zero and half-normal Fanta.",Tue Nov 21 14:38:21 +0000 2017
Tesco_1639292,Tesco,"St John’s Wood. Managed to find a chicken salad sandwich that wasn’t squashed, one tomato!","Hi, I'm sorry for the lack of tomato in your sandwich. So I can feed this back to our suppliers can you send a photo of the packaging. 1/3","St John’s Wood. Managed to find a chicken salad sandwich that wasn’t squashed, one tomato!",Tue Oct 17 13:28:46 +0000 2017
Tesco_1391642,Tesco,hiya is there an email or phone number I can use for direct as I cancelled an order just for my money to still be taken,"Hey, Dan! I'm so sorry to hear that! DM me your order number, full name and address please. I'll take a look for you :) 1/2",hiya is there an email or phone number I can use for direct as I cancelled an order just for my money to still be taken,Sat Oct 28 12:28:52 +0000 2017
Tesco_1280748,Tesco,bought a bottle of milk last night at Hipperholme store.....its expiry date was 12th Oct. What the hell are they playing at up there?,"I'd like to record your feedback, please could you DM us with your name, email address and address? - Allyn 3/3",bought a bottle of milk last night at Hipperholme store.....its expiry date was 12th Oct. What the hell are they playing at up there?,Mon Oct 16 08:40:29 +0000 2017
Tesco_547269,Tesco,very disappointed to get home and find my freshly purchased milk is 2 days out of date. Second time ive come home with out of date produce from your store #productrotation not a priority for you?,"Hi there, I'm really sorry that your milk was out of date. This shouldn't have happened. Can you DM us which store this was from, barcode, your full name, address & price paid? I'll get this reported and refund you. TY - Paige",very disappointed to get home and find my freshly purchased milk is 2 days out of date. Second time ive come home with out of date produce from your store #productrotation not a priority for you?,Sat Dec 02 17:35:29 +0000 2017
Tesco_1089002,Tesco,"if I’ve made a purchase online for over £60, how do I obtain the 10p off per litre fuel promo?","Hi, can you please DM us with your full name, postcode and email address ? I will then have this looked into for you. TY - Murray.","if I’ve made a purchase online for over £60, how do I obtain the 10p off per litre fuel promo?",Mon Oct 23 19:07:59 +0000 2017
Tesco_156866,Tesco,"Thanks for that Leah, when you say 'we', I'm confused as you're all the same company are you not? If you're unable to identify whether or not there are any plans for the then how am I meant to find out? You have 3 stores locally and all of them I cannot use with my disabled son.","Hi Kris, we are from the same company, however this information would come from the stores directly. 1/2","Hi Kris, thank you for contacting us today. Unfortunately I don't have access to the information you have requested. I however can suggest looking at this link provided. Ty, Andy
Hi Andy, thanks for your reply. By directing me to that website will I find the info I requested there? If not, can you advise where I can find this info out? Ty, Kris.
At the moment we don't have any information related to this being done in any of our Falkirk stores but this could change. Thanks, Leah. 2/2
Thanks for that Leah, when you say 'we', I'm confused as you're all the same company are you not? If you're unable to identify whether or not there are any plans for the then how am I meant to find out? You have 3 stores locally and all of them I cannot use with my disabled son.",Mon Nov 27 05:44:22 +0000 2017
Tesco_2893993,Tesco,will this prawn kill me if I eat it?,"Hi Olly, I'm really not a big prawn eater myself but its on your discretion and I wouldn't attempt it. I would like to log your feedback and have you refunded. Can you DM me the following details? 1/2",will this prawn kill me if I eat it?,Tue Nov 28 15:37:25 +0000 2017
Tesco_1494160,Tesco,Please can you tell me if you'll be stocking Gordon Brown's new book (7th Nov) and Gunpowder DVD (20th Nov) thanks v much,"Hi there, if you could tell me which store your planning on visiting I can certainly look into this for you? Thanks, Calum",Please can you tell me if you'll be stocking Gordon Brown's new book (7th Nov) and Gunpowder DVD (20th Nov) thanks v much,Fri Nov 03 12:24:16 +0000 2017
Tesco_1210303,Tesco,"Hi Ian, Lunsford Park always has great in store service. I’ve never had to wait to checkout but the pharmacy always seems chaotic 😬",I will ensure your feedback is logged for review by store management. Kindest regards- Hannah. 2/2,"Congrats on your excellent in store customer service. Please could you extend this to your pharmacy and opticians sections? #soslow
Hi Amanda, could you let us know which store has particularly impressed you and how? We will get this passed on. Thanks Ian.
Hi Ian, Lunsford Park always has great in store service. I’ve never had to wait to checkout but the pharmacy always seems chaotic 😬",Sun Oct 29 04:12:01 +0000 2017
Tesco_2269455,Tesco,Thank you both Chris & Natalie for sorting. Appreciate the response,HI Nathan. You're very welcome and please don't hesitate to contact us again if we can be of any further assistance. TY - Jennifer,"pls have a word with delivery driver who stopped (Wesley St Cwmbran @ 17:15 today) in middle of road to delivery groceries. Forcing cars onto pavement and 2 buses to get stuck! Reg: BL66YGE thanks
Hi Nathan, thanks for your patience. I've passed all these details to the Home Shopping team in store and they will be addressing this with the driver. I'm confident this will not happen again. Thanks for letting me know. - Natalie
Thank you both Chris & Natalie for sorting. Appreciate the response",Sat Nov 11 10:05:00 +0000 2017
Tesco_1123009,Tesco,Useless all I need is for you to review the recipe 37grams of fat in a chicken wrap that’s supposed to be healthy Absolutely useless,I would also like to once I've logged your feedback is process your refund for this product if that was fine with yourself. James. 3/3,"Hi Daniel. Could you DM me your name, address, postcode please and we will organise a refund for you. Ian
Plus 37grams of fat / 51% per cent of daily intake come on guys This conversation is not about a refund
We also require the details to make a log of your feedback. Thanks - Leighton
Useless all I need is for you to review the recipe 37grams of fat in a chicken wrap that’s supposed to be healthy Absolutely useless",Wed Oct 18 08:30:56 +0000 2017
Tesco_1830804,Tesco,What the hell ? Your fruit and vegetables today are dreadful!!,We'll then be able to let our suppliers know. We can also offer you a Tesco Moneycard. 3/4,What the hell ? Your fruit and vegetables today are dreadful!!,Sun Oct 29 16:18:08 +0000 2017
Tesco_1261952,Tesco,"Hey y’all do individual bottles of Punk IPA, right?","Hey Matt, yeah we do. It's currently on offer.. Any 3 for £5.25 (: - Rocsi","Hey y’all do individual bottles of Punk IPA, right?",Thu Oct 26 10:33:51 +0000 2017
Tesco_328841,Tesco,Cirencester. The one in town. I think the express or metro,"Fantastic; thank you, Anna! I do hope you have a lovely day - Mat :)","Really better than half price.... 0.5p...
Oh no Anna! I'm sorry for the error. Could you please let us know which store this is so we can rectify it? TY - George
Cirencester. The one in town. I think the express or metro",Sun Oct 15 07:15:05 +0000 2017
Tesco_2904451,Tesco,sending me a faulty laptop then refusing to replace it because the price has gone up??? Not our fault,"Hi Lily, I'm sorry to hear about the issues with your laptop, I understand you're disappointment. Can you please direct message us with the following details. 1/2",sending me a faulty laptop then refusing to replace it because the price has gone up??? Not our fault,Tue Nov 28 19:01:43 +0000 2017
