conversation_id,brand,customer_message,agent_response,full_context,timestamp
Tesco_1238269,Tesco,"Yes, I was at the self scan so I needed assistance, two staff members told me they couldn't let me have it :-( it was Tiverton","Hi Emily, I'm afraid that if the product doesn't scan then it cannot be sold as it will not be picked up by the system. 1/2","Could not purchase the special Oasis edition of Q magazine as your system didn't recognise the barcode! Why is it on the shelf then?!
Can you also let me know which store this was? Thanks - Lee 2/2
Yes, I was at the self scan so I needed assistance, two staff members told me they couldn't let me have it :-( it was Tiverton",Wed Oct 25 22:45:28 +0000 2017
Tesco_809062,Tesco,#halal I request a response from Tesco Are your customers now NOT GIVEN A CHOICE in ALL your UK stores?,"Hi Mark, here is our full policy. I hope the information helps here. Kind regards - Rhys",#halal I request a response from Tesco Are your customers now NOT GIVEN A CHOICE in ALL your UK stores?,Wed Oct 11 20:56:58 +0000 2017
Tesco_970327,Tesco,annual tweet to find out when the finest Christmas party food hits Ludlow and Banbury stores please ❤️❤️❤️😍?,"Hi Stevie, unfortunately the store are still unsure when they will be getting this range in but hopefully it wont be too long. - Megan",annual tweet to find out when the finest Christmas party food hits Ludlow and Banbury stores please ❤️❤️❤️😍?,Sat Oct 21 18:57:36 +0000 2017
Tesco_2734878,Tesco,"Why when I request no carry bags for my home delivery do I get 4? 1 with cheese, 1 for veg, 1 for fruit and one for bits. ??? Save plastic please!","Hi Christopher, this is disappointing to read. Can you please DM your full name, address and email to access your grocery account so I can feed this back? Thanks - Emma","Why when I request no carry bags for my home delivery do I get 4? 1 with cheese, 1 for veg, 1 for fruit and one for bits. ??? Save plastic please!",Mon Nov 20 19:34:40 +0000 2017
Tesco_2821309,Tesco,do you have the Samsung s3 charger in tesco Aston Birmingham in store?,"Morning Eram; I'm afraid our Aston Lane Superstore does not stock Samsung S3 Chargers, and I'm sorry for any disappointment caused. Thank you for your suggestion regarding the Kind Bueno, it's really beneficial for us to receive :) - Mat",do you have the Samsung s3 charger in tesco Aston Birmingham in store?,Mon Nov 27 07:25:36 +0000 2017
Tesco_1286560,Tesco,"Around 845am, not been anything all week just empty trays. Had to go to greggs 😩","Hi Adam, I am still unable to get through to the store therefore I have emailed across your feedback to the store manager. Ty - Darren","Hi Adam, I'm sorry this has happened. Can you let me know which store this is and I will have a look for you? Thanks - Gemma :)
York goodram gate, same every morning 😊
Hi Adam; what time do you visit? Stores aim for fresh goods to be available for 7ish, but products can vary, eg bread rolls out first - Mat
Around 845am, not been anything all week just empty trays. Had to go to greggs 😩",Thu Oct 26 20:47:26 +0000 2017
Tesco_1203839,Tesco,Never again am i buying chicken. Swimming pool of water!!,"Hi Indy, I'm really sorry. Can you please DM your full name, address and email along and some details from the packaging? 1/3",Never again am i buying chicken. Swimming pool of water!!,Sun Oct 15 22:22:48 +0000 2017
Tesco_499335,Tesco,Okay. Thanks for the update.,"No worries Matt, take care and enjoy the week ahead. Give me a shout if you need anything else. :) - Rob","I do hope that we can get it up and running as soon as possible. TY - Lloyd 3/3
Any update on this?
Hi Matt, I've had a look into this for you & sadly it appears that this is still something we are looking into and resolving.
Okay. Thanks for the update.",Tue Jun 21 12:54:44 +0000 2016
Tesco_547269,Tesco,very disappointed to get home and find my freshly purchased milk is 2 days out of date. Second time ive come home with out of date produce from your store #productrotation not a priority for you?,"Hi there, I'm really sorry that your milk was out of date. This shouldn't have happened. Can you DM us which store this was from, barcode, your full name, address & price paid? I'll get this reported and refund you. TY - Paige",very disappointed to get home and find my freshly purchased milk is 2 days out of date. Second time ive come home with out of date produce from your store #productrotation not a priority for you?,Sat Dec 02 17:35:29 +0000 2017
Tesco_172359,Tesco,is the meningitis jab free?,"Hi there, I'll look into this and get back in touch with you when I have some more information for you. Kind regards - Rhys",is the meningitis jab free?,Wed Nov 15 04:36:20 +0000 2017
Tesco_881349,Tesco,Such a great day out at and even better that I had clubcard vouchers to pay for it! 🐒🐠🦁,Fab pics Suzy...looks like you all had a fantastic day! Great use of the vouchers 🙌 Any more adventures planned? #ClubcardStories,Such a great day out at and even better that I had clubcard vouchers to pay for it! 🐒🐠🦁,Fri Oct 13 16:57:19 +0000 2017
Tesco_1148531,Tesco,Eww just delievered these mouldy bananas! Ripen at home in 2-5 days think it's past that 🤢😷,"Hi there, I'm sorry to learn you've received mouldy bananas, I can appreciate how disappointing this must be. 1/2",Eww just delievered these mouldy bananas! Ripen at home in 2-5 days think it's past that 🤢😷,Sat Oct 14 23:15:16 +0000 2017
Tesco_991282,Tesco,"I visited the Weston Super Mare branch this morning & I’ve only just realised I didn’t validate my parking, what do I do?","Hi Teresa, I'm sorry that you forgot to validate your parking. 1/2","I visited the Weston Super Mare branch this morning & I’ve only just realised I didn’t validate my parking, what do I do?",Sun Oct 22 13:25:01 +0000 2017
Tesco_1120514,Tesco,In relation to my last tweet. Just been in store to see all items on the shelves. How come I can not pick up my son't bday present?,"Can you please DM your order number, full name and full address? We'll look into it and try to get something sorted! Thanks - David 2/2",In relation to my last tweet. Just been in store to see all items on the shelves. How come I can not pick up my son't bday present?,Mon Oct 23 21:30:11 +0000 2017
Tesco_2005383,Tesco,bought a lovely gluten free pack of rolls to find my burger has been ruined by the mould dispersed across the bottom of said bun,We'll then be able to record this data to ensure that our suppliers are aware. We can also offer you a Tesco Moneycard. 3/4,bought a lovely gluten free pack of rolls to find my burger has been ruined by the mould dispersed across the bottom of said bun,Wed Oct 18 20:40:12 +0000 2017
Tesco_1611416,Tesco,"I bought these yesterday in Tesco express, hackney downs and just realised they're out of date! Not happy at all!","Hi Natasha, thanks for getting in touch. I'm really sorry your mince pies were out of date! 1/3","I bought these yesterday in Tesco express, hackney downs and just realised they're out of date! Not happy at all!",Sun Nov 05 11:52:00 +0000 2017
Tesco_2505649,Tesco,What is going on with your small halogen candle bulbs? I've just had what I think is the 8th one go within a day of putting it in a lamp? It's becoming an expensive habit,My colleagues will be able to look into this further for you. TY - Jayne 2/2,What is going on with your small halogen candle bulbs? I've just had what I think is the 8th one go within a day of putting it in a lamp? It's becoming an expensive habit,Wed Nov 15 21:27:40 +0000 2017
Tesco_1978905,Tesco,the pumpkin carving kit wasn’t quite fit for purpose. Might have been ok for a ripened pear.,"Hi Tracy, I'm sorry to see that your pumpkin kit hasn't been all that good. I would like to log your feedback. 1/2",the pumpkin carving kit wasn’t quite fit for purpose. Might have been ok for a ripened pear.,Tue Oct 31 19:51:05 +0000 2017
Tesco_2943837,Tesco,"Yes, the lovely member of staff was royston, if only every one was as nice as she was","Hi Ryan, thanks for replying. I have contacted the store and asked for your comments to be passed on. I'm sure they will be delighted to hear your kind words! Enjoy the rest of your evening. TY - Struan","Who said someone else was turning up Ryan, those hot deli staff are supposed to work from 6:30am to 7pm. Think we’ve got a slacker.
Wow you expect 12 and a half hours out of staff that's ludicrous, the member of staff I spoke to said 6-2 and her colleague appeared when I was walking away and questioned why she was still there
Hi Ryan, I can certainly pass on your feedback. Can you let me know which store you have visited? TY - Joanne
Yes, the lovely member of staff was royston, if only every one was as nice as she was",Wed Nov 29 17:02:23 +0000 2017
Tesco_118940,Tesco,Every Little Helps???....How about providing carrier bags that don't cost 55p..... Ridiculous you have none of the normal priced ones....,"Hi Carl, I'm sorry to hear this and for the subsequent inconvenience caused. Can you DM me the name of the store and the time you were in so I can check with the store regarding this issue? Thanks - Jazzie",Every Little Helps???....How about providing carrier bags that don't cost 55p..... Ridiculous you have none of the normal priced ones....,Thu Nov 23 22:23:38 +0000 2017
Tesco_1606417,Tesco,Woolwich Express this time,"I'm sorry to see the freezers still have not been fixed, can you advise if you have spoken to my colleagues in store? TY - Jayne","this seems to be the case every week in Woolwich extra, whole section of the freezer empty!
Woolwich Express this time",Sun Nov 05 02:24:10 +0000 2017
Tesco_1148552,Tesco,thank you for the giant bran flake I found at the bottom of my cereal box. It was delicious haha! 😂,"Hi Daniel, at this point it's less of a flake and more of a chunk now! I'm glad you enjoyed it :). - Peter",thank you for the giant bran flake I found at the bottom of my cereal box. It was delicious haha! 😂,Sun Oct 15 17:04:49 +0000 2017
Tesco_2394874,Tesco,"Absolutely love the Add well done guys, we can change the world into the place we won't to live in",Glad you like the advert Simon! 😊 What food makes Christmas for you?,"Too early to start talking about Christmas? Surely not! However you do Christmas, we’ve got a turkey for you. #EveryonesWelcome
Absolutely love the Add well done guys, we can change the world into the place we won't to live in",Tue Nov 14 11:48:11 +0000 2017
Tesco_2107749,Tesco,can someone please explain why it is taking so long to make a payment which you have told me is due to me on the 27th October re payment review,"Hi Claire, thanks for getting in touch. I'm really sorry as we don't have any previous messages from you about this issue, would you mind sending us a DM explaining the situation? TY - Robyn",can someone please explain why it is taking so long to make a payment which you have told me is due to me on the 27th October re payment review,Sun Nov 26 12:45:59 +0000 2017
Tesco_125397,Tesco,"22 Nov late evening, guilty staff female. People nearby clearly see man forced to use the till that he didn't want to, something with the height of it, disabled some way, legs/back/arms? They wouldn't make it hard for blacks, women etc, do so for disabled must surely be illegal?","Hi there, sadly my colleagues have finished for the evening. I'll ask one of my colleagues to chase this up with the stores Management Team when the store opens later today. TY - Paul","Hi there, could you please DM me the details that my colleague requested? Once I have those details I'll be able to look in to this for you. TY - Paul
I saw it happen at Sheldon store on the night I mentioned it. Plz keep my name out of it, I don't want to be banned for being a concerned citizen. I don't see how concentrating on one store will help any other victims across the UK though, it needs a companywide disabilty policy
Hi there, can you elaborate more here please? I would like to pass on your feedback to the store but unfortunately I would need more to go on. What did you see? times, dates, any descriptions or names of colleagues involved. 1/2
22 Nov late evening, guilty staff female. People nearby clearly see man forced to use the till that he didn't want to, something with the height of it, disabled some way, legs/back/arms? They wouldn't make it hard for blacks, women etc, do so for disabled must surely be illegal?",Fri Nov 24 02:34:44 +0000 2017
Tesco_166577,Tesco,Thank you for the help,"Hi Neil, that's no problem at all! If there's anything else we can help you with, please let us know. Thanks - Josh","Hi Neil, enjoy the match. :) TY - Paul
Also is there a cash point there?
Hi Neil, they do indeed! Regards - Martin
Thank you for the help",Fri Nov 24 22:32:52 +0000 2017
Tesco_458089,Tesco,"spent 20 mins waiting in a queue on tescodirect call finally answered and was cut off, not impressed","Oh no, I am sorry to hear that. Is there anything I can help you with at all? - Ceri","spent 20 mins waiting in a queue on tescodirect call finally answered and was cut off, not impressed",Fri Dec 01 00:47:14 +0000 2017
Tesco_138311,Tesco,So what you are saying is have you two huge stores in Greenock and Port Glasgow with loyal customers since the 1970s who should pay more for fuel than a tesco 16 miles away that happens to be near an Asda. Am I missing something?,"As is the case with most petrol retailers, including BP, Shell, Esso and other groups, Our prices sometimes vary between our petrol stations, which can be driven by local competition, demand and supply, operational and delivery costs. 2/4","Hi. I would like to assure you that we are committed to giving you a great value offer on fuel in all of our filling stations. 1/3
Then why is fuel at tesco Linwood 16 miles from Greenock continually cheeper ?
Our clear goal for our customers is to be competitive on petrol and diesel in the local catchment area for each store, so Tesco does not operate with one national price. Charlotte
So what you are saying is have you two huge stores in Greenock and Port Glasgow with loyal customers since the 1970s who should pay more for fuel than a tesco 16 miles away that happens to be near an Asda. Am I missing something?",Fri Nov 24 11:41:25 +0000 2017
Tesco_968500,Tesco,Really upset that my favourite pasta dish had no fork! No where I can get one near by either :'(,"Hi Alyssa, I'm sorry your fork was missing from you pasta. I'd like to get this logged & fed back to our suppliers as well as refund you.1/3",Really upset that my favourite pasta dish had no fork! No where I can get one near by either :'(,Wed Oct 11 16:48:07 +0000 2017
Tesco_2885374,Tesco,Any help with this? Thanks!,"Hi Toby, I'm sorry you never received your delivery document with your groceries order and there are issues with the order. Can I please ask for your to DM me your full name, address (including postcode) and email address. TY - Chris","help please? My online order arrived with no delivery note, items missing and a really daft swap that I've only spotted now the driver has left! Looking online it's cost more still some how too :(
Any help with this? Thanks!",Tue Nov 28 11:46:10 +0000 2017
Tesco_1211871,Tesco,pack of 6 was a pack of 5!! Get packaging/handlers sorted #pepsimax #tesco #5insteadof6,"Hi Melanie, I'm sorry to see your pack of 6 was missing a can of Pepsi. Can you DM us? Please include your full name and address. 1/4",pack of 6 was a pack of 5!! Get packaging/handlers sorted #pepsimax #tesco #5insteadof6,Wed Oct 25 12:23:31 +0000 2017
Tesco_61152,Tesco,bought this. Washed it after buying unused and its gone rusty! Didnt non stick!! Please explain,"Can you please DM me your full name, address, email, barcode, supplier code and also a clear copy of your receipt? 2/4",bought this. Washed it after buying unused and its gone rusty! Didnt non stick!! Please explain,Wed Nov 01 21:20:33 +0000 2017
Tesco_1243412,Tesco,Have you discontinued your Free From Southern Fried Potato Skins? 😞,"Hi Mary, sadly when I've check our system I'm unable to locate the potato skins. Could you please DM me your postcode? 1/2",Have you discontinued your Free From Southern Fried Potato Skins? 😞,Wed Oct 25 23:27:18 +0000 2017
Tesco_2122424,Tesco,I haven't been this disappointed with something since Shrek 2. The lack of ham in this sandwich is disappointing,I'll then be able to refund you. Can I also ask for your permission to pass on your details to our supplier please? 3/4,I haven't been this disappointed with something since Shrek 2. The lack of ham in this sandwich is disappointing,Wed Nov 08 15:34:28 +0000 2017
Tesco_1443478,Tesco,Thanks but I think I'll contact through the website because I have much more to say about potatoes,"OK Daisy, have a lovely day. Ty Andrew","Had these delivered earlier...look at that tiddler next to the big boy 🙁 Not what I expect from 'finest'!
Hi Daisy, these would be sold based on weight and not size, can you please DM your full name, address and email? I can log your feedback.
If I didn't care about the size I would have just got a bag of potatoes!? Your standard own brand are selected by size so why not Finest?
Thanks but I think I'll contact through the website because I have much more to say about potatoes",Thu Nov 02 13:09:12 +0000 2017
Tesco_2473866,Tesco,The refill is more expensive than the original jar! price per gram... Bit cheeky ?? #sneaky #Marketing #fail,"Hi James, I can confirm that these are the correct prices, however, the refill should be on promotion for £3.50. Can I ask if the photo was taken today? If yes, which store was this in? TY, Andrea",The refill is more expensive than the original jar! price per gram... Bit cheeky ?? #sneaky #Marketing #fail,Wed Nov 15 12:46:08 +0000 2017
Tesco_1979194,Tesco,"that looks BEAUTIFUL, if it were dairy free it would be perfect 💔",Maybe the dairy ingredients can be substituted with some of our Free From products? 😇,"mum bought me some tesco ‘free from’ carbonara sauce but i don’t think she knew that the ‘free from’ part doesn’t exclude the meat
Oops! 🙊 We have this recipe if you'd like to try it Lili 😇 #EveryLittleHelps
that looks BEAUTIFUL, if it were dairy free it would be perfect 💔",Tue Oct 31 20:12:32 +0000 2017
Tesco_540447,Tesco,2 gingerbread trees?😂where’s the other one?..,"Hey Jasmine, looks like one of our elves hasn't been paying attention! I'd like to ""yule log"" your complaint and offer a refund via Tesco Moneycard, this can be sent via email or post, can you let me know which is best? 1/2",2 gingerbread trees?😂where’s the other one?..,Sat Dec 02 15:00:03 +0000 2017
Tesco_1010654,Tesco,"I have invited supermarkets to this conversation, but not to just email out of sight and get a standard reply saying “doing our best”",My colleague has asked you to DM your details due to data protection. Ty - James,"Since 2007 we've reduced packaging by 37% on loose and packaged food. I hope this helps. TY - Reece 3/3
It’s a start. But all supermarkets must take share of responsibility for photos like this one.
Hi there, we'll be happy to log your feedback if you could please DM your full name, email address & local Tesco. TY - George
I have invited supermarkets to this conversation, but not to just email out of sight and get a standard reply saying “doing our best”",Sun Oct 15 03:54:25 +0000 2017
Tesco_2673986,Tesco,Eric’s 1st Halloween outfit is a fail! Went to undo it and the security tag from is still on it 🤦‍♀️ #fail,"As it's Halloween today, the fastest way to get this removed would be to return to your local Tesco with a clothing dept. 2/4",Eric’s 1st Halloween outfit is a fail! Went to undo it and the security tag from is still on it 🤦‍♀️ #fail,Tue Oct 31 12:16:56 +0000 2017
Tesco_1924447,Tesco,where's me croutons?!,"Could you send your name, address, email address, barcode, and use by date, store purchased in, supplier code & price paid? 3/4",where's me croutons?!,Fri Oct 27 12:58:44 +0000 2017
Tesco_1335402,Tesco,Thanks for the little friend we found in the raspberries.. was actually IN the raspberry! 2nd time it’s happened 😷,"Can I also ask for your name, address and email so I can log it my end? Regards - Stacey. 2/2",Thanks for the little friend we found in the raspberries.. was actually IN the raspberry! 2nd time it’s happened 😷,Fri Oct 27 14:03:42 +0000 2017
Tesco_2592590,Tesco,"I’ve tried online, Instore and Tesco direct none of them have or had any at the price advertised","However, you will see that the price on our actual website is £229.99 : If you need anything else, please let us know. Thanks - Luciano 2/2","might be helpful if you informed the shop of the price that you are advertising this at...£229 in store 😡 #false-advertising at its best
Hi Nick, thanks for contacting us, Tesco Direct and online are separate parts of the business. 1/2
I’ve tried online, Instore and Tesco direct none of them have or had any at the price advertised",Fri Nov 17 13:04:28 +0000 2017
Tesco_972365,Tesco,Gutted that has stopped selling my favourite drink😫 #7UpCherry,"Morning Helen :) I'm really sorry for the disappointment, your feedback really is beneficial for us to receive though! - Mat",Gutted that has stopped selling my favourite drink😫 #7UpCherry,Sun Oct 22 08:44:23 +0000 2017
Tesco_91708,Tesco,"Hi, does your Tesco Extra Eastville (Bristol) offer plastic bag/wrapper recycling? Thanks.","Hi Joel, I've just spoken with Store Management and they confirmed that they have recycling available for plastic bags in store next to the checkouts but nothing specifically for other plastic materials. 1/2","Hi, does your Tesco Extra Eastville (Bristol) offer plastic bag/wrapper recycling? Thanks.",Thu Nov 30 15:19:42 +0000 2017
Tesco_1820365,Tesco,hi. Do you have any idea when the Lisnagelvin store in Derry will reopen in light of Ophelia? Thanks.,"Hi Johnny, all stores in Ireland and Northern Ireland are closed from 5pm today. We have no available re-open times as of yet. - Paige",hi. Do you have any idea when the Lisnagelvin store in Derry will reopen in light of Ophelia? Thanks.,Mon Oct 16 16:24:12 +0000 2017
Tesco_1334495,Tesco,Thanks Rocsi,We don't carry or commission such tests on our own-brand products or the ingredients they contain. I hope this is helpful? Thanks Calum 3/3,"your Ambience laundry gel doesn't say against animal testing & no rabbit logo does this mean it has been tested on animals?
Hi Nicole, I'll just look into this for you. I'll try not to keep you waiting. - Rocsi
Thanks Rocsi",Sun Oct 29 14:10:20 +0000 2017
Tesco_2574280,Tesco,last time I checked spinach doesn’t look like it just fell off a tree? 🤔 #theresaleafinmyspinach,I will address your issue with our suppliers and provide you with a refund for your purchase. Thanks - Matthew 4/4,last time I checked spinach doesn’t look like it just fell off a tree? 🤔 #theresaleafinmyspinach,Thu Nov 16 20:25:45 +0000 2017
Tesco_2220637,Tesco,"Hi, I have DM'ed you","Hi Tom, I'm currently looking into this. Thank you for your patience in the mean time. Kind Regards - Brooke","Hi Tom, are you able to let me know the difference between the Asda and the Sainsbury fillets is. Also your details please your full name, your full address, email, barcode on packaging where possible. TY - Paul
Hi, per 100g the asda chicken thigh fillets has 27g protein, sainsburys has 26.2g, but tesco ones only have 18.3g, i normally do my shop in tesco but have to buy chicken thighs elsewhere, my email is __email__, i can email my details, rather not post online
Hi Tom, that's quite alright. I'm really sorry we didn't ask for your details privately! Would you like to continue this in DM? Also could you link us to the right product so we can look into it? TY - Robyn
Hi, I have DM'ed you",Fri Nov 10 16:38:00 +0000 2017
Tesco_1947623,Tesco,just checking my receipt and I've been overcharged for 4 things I'm not going back into store so how can I get this refunded?,"Hi, really sorry you were overcharged. Can I ask you to send us a picture of your receipt and what items you were overcharged on? 1/2",just checking my receipt and I've been overcharged for 4 things I'm not going back into store so how can I get this refunded?,Mon Oct 30 13:47:20 +0000 2017
Tesco_2748562,Tesco,"this came with my online shop today, what should I do? x","Hi Helen, thanks for getting in touch, I'm sorry to see that the Little Dish you purchased was damaged. Please can you DM the full name, address & email address registered to your account? I'll log this issue & refund you. TY- Hannah.","this came with my online shop today, what should I do? x",Mon Nov 20 23:21:44 +0000 2017
Tesco_1172307,Tesco,"great fish pie for our dinner tonight. Just one suggestion , just some fish in it would have made all the difference","I would require your full name, address, barcode, SC code, expiry date and also a copy of your receipt. 3/4","great fish pie for our dinner tonight. Just one suggestion , just some fish in it would have made all the difference",Tue Oct 24 19:49:14 +0000 2017
Tesco_1612305,Tesco,I've got an assymetrical breakfast. I just am unable to handle this. *Weeps* #FirstWorldProblems,Also your permission to pass your details on to the supplier? Kind Regards - Stacey. 3/3,"Looks like Tesco are trialling a 15% off deal.
But I paid full price. :/ I could blame Brexit price increases for this; pay full price, get less for your money. Worst morning of my life
You clearly paid for a 680g box. If you didn't want eleven and 17/20th waffles, you should have splashed out on a 688.6g box.
I've got an assymetrical breakfast. I just am unable to handle this. *Weeps* #FirstWorldProblems",Sun Nov 05 12:15:56 +0000 2017
Tesco_1143666,Tesco,someone needs to answer my DMs cause I'm getting pissed off🙂,"Hi again, we are replying to your DM's. Please bear with us whilst we work through everyone's queries. - Chloe",someone needs to answer my DMs cause I'm getting pissed off🙂,Tue Oct 24 13:09:39 +0000 2017
Tesco_508882,Tesco,"Not sure why a chap, for the second time in the space of two weeks, has cleared Southbourne of a basket full of beer and steaks. Just swiped and waltzed out! Not a blink of an eye from the staff 😑 plus I wanted a bloody steak ffs!!","Hi Ryan, can I ask you to DM me and elaborate on exactly what happened and when as I would like to investigate this! 1/2","Not sure why a chap, for the second time in the space of two weeks, has cleared Southbourne of a basket full of beer and steaks. Just swiped and waltzed out! Not a blink of an eye from the staff 😑 plus I wanted a bloody steak ffs!!",Fri Dec 01 22:19:50 +0000 2017
Tesco_2978448,Tesco,please sort out your dreadful online groceries website. It's so bad it took me 3 days to checkout. Very unsatisfied loyal customer.,"Hi Charlie, I am sorry you're having issues with our website and I can appreciate this must be very frustrating for you. Can you please send your full name, address and email? I can log your feedback with our Website Team. TY - Chris",please sort out your dreadful online groceries website. It's so bad it took me 3 days to checkout. Very unsatisfied loyal customer.,Thu Nov 30 03:31:48 +0000 2017
Tesco_1357439,Tesco,"is Risk (board game, either version) coming back into stock at all?","I'm very sorry, we do not have an estimated back in stock date for either item. 2/3","is Risk (board game, either version) coming back into stock at all?",Fri Oct 27 19:36:17 +0000 2017
Tesco_2554356,Tesco,"I want to order a bulk load of your Countdown to Christmas advent calendars, can you confirm if this is possible? I need c.450","Hello Natalie; due to the amount you require please speak with my colleagues at the Customer Service Desk, they can look into ordering stock in for you :) - Mat","I want to order a bulk load of your Countdown to Christmas advent calendars, can you confirm if this is possible? I need c.450",Thu Nov 16 15:14:26 +0000 2017
Tesco_2269461,Tesco,There was even a large penis drawn into one of the tellys due to dust! It looked like a ghost store. Is Tesco about to close it’s doors?,"I would also like to log this complaint in from my end. To do so could you please DM me your full name, address and the time you had visited the store at? Thanks, Calum 2/2","I visited your Blue Boar Lane store in Norwich yesterday and I was disgusted with how unclean and how messy the shelves were!
There was a distinct lack of staff on shop floor. There wasn’t a sense of unity and whomever is Store Manager, couldn’t care less it seems.
There was even a large penis drawn into one of the tellys due to dust! It looked like a ghost store. Is Tesco about to close it’s doors?",Sat Nov 11 09:47:15 +0000 2017
Tesco_2033712,Tesco,If I pre-order the xbox one X with yourselves when does the money get taken?,"Hey Liam, we are currently out of stock of the new Xbox but need full payment when the order is placed. Thanks - Sean",If I pre-order the xbox one X with yourselves when does the money get taken?,Wed Oct 18 22:07:15 +0000 2017
Tesco_523619,Tesco,should there be 4?,"Hi Naomi, I can confirm there is only 3 watermelon fingers included in the packet. Is there anything else I can help you with? :) Thanks, Calum",should there be 4?,Wed Nov 22 12:01:51 +0000 2017
Tesco_2717110,Tesco,My first Thanksgiving without the Ramsey’s and doesn’t deliver my turkey! Where can I get one big enough for the 20 people I’m hosting on short notice?! #thanksgivingemergency #myparentswouldknowwhattodo 😭,"Hi Tanya, I'm really sorry you didn't receive the Turkey you requested in the order and for any disappointment or inconvenience caused. I understand how frustrating that must be, especially as you were counting on this for Thanksgiving. 1/2",My first Thanksgiving without the Ramsey’s and doesn’t deliver my turkey! Where can I get one big enough for the 20 people I’m hosting on short notice?! #thanksgivingemergency #myparentswouldknowwhattodo 😭,Mon Nov 20 06:51:47 +0000 2017
Tesco_1217719,Tesco,"So you let me use the Scan & Shop blippy thing to do a full shop before 9am, but wont open the scan & shop unmanned tills dont open till 9am... Yet the unmanned Self Scan is open. Seriously, what is the point in that?! #TescoLogic #introvertproblems","So sorry for any inconvenience caused, the facilities in store do have different operating hours which are advertised in store. TY-Leighton","So you let me use the Scan & Shop blippy thing to do a full shop before 9am, but wont open the scan & shop unmanned tills dont open till 9am... Yet the unmanned Self Scan is open. Seriously, what is the point in that?! #TescoLogic #introvertproblems",Wed Oct 25 10:11:09 +0000 2017
Tesco_1554428,Tesco,Cheers Hannah 👍,"You're welcome. Have a nice day, Leah.","hi are your pringles still half price please ?
Hi there, thank you for getting in touch, yes our Pringles are on offer until the 3rd January :) kindest regards- Hannah.
Cheers Hannah 👍",Sun Nov 26 09:45:13 +0000 2017
Tesco_1180693,Tesco,hi do you know if you have any girls 12-18 months swimsuit in Wellingborough store? Thanks,"Hi Chlo, thanks for getting in touch :) I was unable to find any swimsuits in the store, however we do sell a few online. 1/2",hi do you know if you have any girls 12-18 months swimsuit in Wellingborough store? Thanks,Tue Oct 24 22:13:58 +0000 2017
Tesco_225431,Tesco,"Hi - trying to order something on tescodirect website. Seems to be stuck with a spinning circle where the ""add to basket"" should be. How long are black friday offers on for? Just wondering if I can order tomorrow instead?","Hi Rachel, I have replied to your DM. - Ceri","Hi - trying to order something on tescodirect website. Seems to be stuck with a spinning circle where the ""add to basket"" should be. How long are black friday offers on for? Just wondering if I can order tomorrow instead?",Sat Nov 25 01:26:29 +0000 2017
Tesco_278513,Tesco,flour from Tesco has infested my kitchen with mites...,"Hi Mark, I am sorry for the upset this has caused. We have responded to your Direct Messages - Allyn",flour from Tesco has infested my kitchen with mites...,Wed Nov 15 14:57:22 +0000 2017
Tesco_1255752,Tesco,I just needed to check whether I had left my purse behind,"Hi Emily, thanks for getting back to us. I've tried calling the store again but as there's a problem with the line, there is no answer. 1/2","Hi Emily, thank you for getting in touch. Can you confirm which store you're trying to ring please? - David
The express store in Bourne End, SL8 5SS
Hi Emily, I have spoken to the store. They have a fault on their land line, an engineer is on the way. Anything I can help with? Ian
I just needed to check whether I had left my purse behind",Thu Oct 26 10:34:19 +0000 2017
Tesco_1471080,Tesco,Is there anywhere I can add a delivery note as it is only a partial address and I don’t want to have to put in the whole shop again,"Hi Fay, you'll need to cancel the order but you won't need to add back all your items. 1/3","i've made an online order but the automated address 4my house isn't correct and I don't know how to change it b4 delivery can u help?
Hi Fay, I'm afraid we cannot amend an address on an order and it would have to be cancelled and re-ordered :( - Emma
Is there anywhere I can add a delivery note as it is only a partial address and I don’t want to have to put in the whole shop again",Tue Oct 17 12:37:13 +0000 2017
Tesco_2944989,Tesco,#Bicester why are all the parent trolleys parked on one side of the car park and the parent and child spaces on the other? It means I have to carry my 3 month old across the busy car park to get an appropriate trolley??,"I'd just like to double check a few things with you first before I speak with the store about this. Firstly, have you spoken with any members of the Store Management Team regarding this? If so, who, and when? 2/4",#Bicester why are all the parent trolleys parked on one side of the car park and the parent and child spaces on the other? It means I have to carry my 3 month old across the busy car park to get an appropriate trolley??,Wed Nov 29 15:06:56 +0000 2017
Tesco_1996828,Tesco,Plus not claimed in first year. Told I was discounted for no cover for first 14 days but still cheaper by being a new customer.. Wow 😨,"Hi Simon, I'm sorry to hear that your price has increased this year. Have you called us to make sure the details we hold are up to date? 1/2","Second year customer for pet insurance and goes up £50 but cheaper if I am a new customer by £64 Where is the loyal customer promise😨
Plus not claimed in first year. Told I was discounted for no cover for first 14 days but still cheaper by being a new customer.. Wow 😨",Fri Nov 03 16:41:05 +0000 2017
Tesco_2720634,Tesco,"grocery order 30mins late no updates, no one answering chat or cust service 😡","Hi there, thank you for getting in touch, I can see that my colleague Alex has replied to your DM and asked for further information. Kindest regards- Hannah.","grocery order 30mins late no updates, no one answering chat or cust service 😡",Sun Nov 26 23:09:41 +0000 2017
Tesco_1288311,Tesco,Some lovely maggots in the tinned tomatoes I bought from yummy!,"Can you also DM me your full name, address, postcode, barcode, SC code, price paid and store this came from so I can log this? 3/4",Some lovely maggots in the tinned tomatoes I bought from yummy!,Thu Oct 26 19:42:22 +0000 2017
Tesco_507451,Tesco,Tesco's size 6 easy nappy pants have been unavailable for home grocery delivery for around a month. Is there a reason for this?,"Hi Georgina, thanks for your query. Are these part of the 'Tesco Loves Baby' range at all? Please also DM your full name, address, postcode and email address. Thanks - Craig",Tesco's size 6 easy nappy pants have been unavailable for home grocery delivery for around a month. Is there a reason for this?,Fri Dec 01 21:57:48 +0000 2017
Tesco_398526,Tesco,"My plan has already expired. If I want to get a new 6 month plan, how & when should I add Clubcard Boost tokens? If I add 1 when I sign up (for 6 months) can I add another one it 2 months so there is no need to direct debit my bank? I want to use Clubcard points to cover cost.","For the 6 month plan you'll need £36 worth of tokens. You'll receive an email when the 6 months plan is coming to an end, and at the point you'll be able to make another boost order to renew your membership. Thanks - Chris 2/2","Hi Charles, we now only offer 6 month plans or monthly plans. Ty - Andrew
How do I add a Clubcard Boost token to cover the cost if the plan is charged monthly? If I add a £10.00 token for example, will that cover the cost for first X amount of months and then start taking direct debits after that? What if I want to add more tokens later?
Hi Charles, so what you would need to do is before the renewal date of your plan, you would need to log in to your Delivery Saver Plan on the website and enter a code for your renewal. Does that make sense? - Alex
My plan has already expired. If I want to get a new 6 month plan, how & when should I add Clubcard Boost tokens? If I add 1 when I sign up (for 6 months) can I add another one it 2 months so there is no need to direct debit my bank? I want to use Clubcard points to cover cost.",Fri Nov 17 19:18:29 +0000 2017
Tesco_481137,Tesco,Thanks to the Ballymena employee who just accused me of stealing - even though she watched me scan and pay for ALL items 👎👎,We pride ourselves on putting every effort into making your experience the best possible while providing the service you expect and deserve. I'd like to make Store Management aware of your experience. 2/3,Thanks to the Ballymena employee who just accused me of stealing - even though she watched me scan and pay for ALL items 👎👎,Fri Dec 01 13:50:20 +0000 2017
Tesco_1400017,Tesco,Praise for Slightly Imperfect Veg. BUT NIL POINT for packing Finest baking potatoes in black plastic trays. WHY?,"Hi Frances, Thank you for contacting us. 1/2",Praise for Slightly Imperfect Veg. BUT NIL POINT for packing Finest baking potatoes in black plastic trays. WHY?,Sat Oct 28 16:55:46 +0000 2017
Tesco_2220532,Tesco,where can i find this recipe so i can print it out please,"Hi Dane, I will be back to you shortly with an update. TY - Jill","5 ingredients = 1 dinner for 4. Watch our Meal Maths video to see how to make a richly flavoured Italian Chicken, Mozzarella and Veg Bake.
where can i find this recipe so i can print it out please",Fri Nov 10 12:41:05 +0000 2017
Tesco_927704,Tesco,"Yes, Megan. I've been bagel-less for weeks now 🙄 What's going on?","Hi Gerard, I can see on my internal system that this store has 20 in stock at the moment. 1/3","I want to know why Newtownbreda have stopped stocking sesame seed bagels. And why is the mainstream media not talking about it???
Hi Gerard. Are these the New York Bakery Sesame Bagels that you are referring to? - Megan
Yes, Megan. I've been bagel-less for weeks now 🙄 What's going on?",Sat Oct 21 14:55:28 +0000 2017
Tesco_2002163,Tesco,why oh why can I no longer get confetti cupcake pop tarts from any of your stores. Devastated.,"Hey Nia, oh no! I'm so sorry. Would you like me to query this for you? However, it can take 5 working days to receive an answer. - Kirsten",why oh why can I no longer get confetti cupcake pop tarts from any of your stores. Devastated.,Fri Nov 03 21:47:03 +0000 2017
Tesco_1287846,Tesco,"Mince Pies - Sadly another 6/10. Dry pastry, filling meh, no alcohol at all. can't mark lower as better but not much so giving same",Can you also specify which product you were referring to and your local Tesco store. Thanks Jazzie 2/2,"Mince Pies - Sadly another 6/10. Dry pastry, filling meh, no alcohol at all. can't mark lower as better but not much so giving same",Sun Oct 15 08:35:31 +0000 2017
Tesco_619770,Tesco,"yes!! thank you for looking, maggie. i have had to source it elsewhere for this year's pumpkin pie, but i'm glad you still stock it. i was sad to hear that you'd stopped but glad that manager was wrong :)","Hi Jennifer, this is the product we stock just for future reference. :) TY - Amanda","not selling canned pumpkin around thanksgiving is really mean, you had it last year, now a store manager has told me you ""don't do that"" :(
Hi Jennifer, I have had a look and the only item I have located is tinned puree pumpkin. Is this the item you are meaning? Thanks - Maggie
yes!! thank you for looking, maggie. i have had to source it elsewhere for this year's pumpkin pie, but i'm glad you still stock it. i was sad to hear that you'd stopped but glad that manager was wrong :)",Wed Nov 22 15:21:04 +0000 2017
Tesco_2681414,Tesco,"Not quite as professional-looking as Vanessa's, but delicious all the while. Held it's shape better than expected. Very impressed.😋","Nicely done Tamara! It looks delicious 😋 Glad you enjoyed it, will you be making any more Halloween treats?","Not quite as professional-looking as Vanessa's, but delicious all the while. Held it's shape better than expected. Very impressed.😋",Tue Oct 31 16:09:21 +0000 2017
Tesco_1018146,Tesco,"bought a salt & pepper baguette yesterday- should come with a health warning as salt levels off the scale, almost poison for a child",I will ensure your comments are passed over to our bakery team for further review. Kind regards- Hannah. 3/3,"bought a salt & pepper baguette yesterday- should come with a health warning as salt levels off the scale, almost poison for a child",Sun Oct 22 21:54:12 +0000 2017
Tesco_1932184,Tesco,I wish staff would just give me a fucking bag instead of having a chat between each other about their night out. Ffs.,"Hi Aaron, I'm sorry you had to wait for your bag in store. Can you DM me the store and a name or description of my colleagues? TY - Reece",I wish staff would just give me a fucking bag instead of having a chat between each other about their night out. Ffs.,Sat Oct 28 18:21:56 +0000 2017
Tesco_1667846,Tesco,Tesco Mango and Passionfruit smoothie. Previously £1.50 for 1 Litre now £1.50 for 750ml.,This includes those times where a products packaging has been reduced. Regards - Isaac 4/4,"Can you offer reasonable explanation for why you changed packaging of your smoothies, reduced vol by 250ml yet charge same price? 😡
If you could let me know which one you're referring to specifically? I can look into this for you right away! :) Regards - Isaac 2/2
Tesco Mango and Passionfruit smoothie. Previously £1.50 for 1 Litre now £1.50 for 750ml.",Mon Nov 06 11:52:24 +0000 2017
Tesco_740853,Tesco,Hey is there a bacon shortage no one told me about...dont think you could go calling this a chicken and bacon salad,"If you could DM your name, address, email address & the product barcode, SC (Supplier Code) & expiry date? 3/5",Hey is there a bacon shortage no one told me about...dont think you could go calling this a chicken and bacon salad,Wed Oct 11 13:30:13 +0000 2017
Tesco_2855838,Tesco,why have you changed the recipe of your mayo it’s awful,We really value this feedback though and will ensure we take it into consideration at our next product review :) Thanks - Beth. 2/2,why have you changed the recipe of your mayo it’s awful,Wed Nov 29 12:08:44 +0000 2017
Tesco_1342897,Tesco,What's the point I'm giving a number that only works Monday to Friday to 5pm and you respond at 17:11,"Hi Steven, sorry for the inconvenience caused. If you call them Monday they will sort it out for you. - Jay","Brought This yesterday and it has a error on colour and in printer. It is working with old cartridges. You can see old date
Could you please feed this back to our Tesco Inkjet colleagues on 0800 0910095? Thanks! - Robyn 2/2
What's the point I'm giving a number that only works Monday to Friday to 5pm and you respond at 17:11",Fri Oct 27 18:09:49 +0000 2017
Tesco_1952218,Tesco,Love a raw scone,If you can DM me a few details and let me know if you would prefer your MoneyCard sent to your email or posted to your home address? 2/4,Love a raw scone,Sun Oct 29 15:48:25 +0000 2017
Tesco_2162160,Tesco,It is not fit for purpose you need to have better quality control with sizes they are shockingly bad she is 10 months and on the small side and a 9-12month baby grow doesn’t fit her now tell me that’s not the wrong size!,This would save you a wasted journey if they did not accept this. Ty - Brian 2/2,"I'm very sorry to hear this Sarah. Can you please advise if you still have the receipt or if you paid by card? Thanks - Lara.
It was a present so unfortunately have nothing I would be happy to get another but I would get the size up because I don’t trust the sizes
Hi Sarah, I am sorry, without proof of purchase it would be down to the stores discretion whether to accept the exchange or not. Ty - Brian
It is not fit for purpose you need to have better quality control with sizes they are shockingly bad she is 10 months and on the small side and a 9-12month baby grow doesn’t fit her now tell me that’s not the wrong size!",Thu Nov 09 10:50:47 +0000 2017
Tesco_1120108,Tesco,I really have no idea how it's ok to cancel the delivery so late in the day. The next available delivery slots we can do are Thursday...,"Regarding the delivery I'll look into this for you. Can you DM your full address, name, email address and order number please? - Ross 3/3","So, - what do you suggest we eat tonight then? Thanks for letting us know in such good time... What a joke.
I really have no idea how it's ok to cancel the delivery so late in the day. The next available delivery slots we can do are Thursday...",Tue Oct 24 05:50:30 +0000 2017
Tesco_1951746,Tesco,This is what it shows each time. It's not my cookies/cache - it's your website. I'm not the only one it happens to either.,"Please can you let me know your name, address, and email address so we can pass your feedback on to our IT team. 4/4","new website is awful! Keep getting errors/crashes every order I try place since it changed. will have to cancel del pass at this rate
This is what it shows each time. It's not my cookies/cache - it's your website. I'm not the only one it happens to either.",Sun Oct 29 15:29:22 +0000 2017
Tesco_1636684,Tesco,". Any news on when the website will be back? Been down ages. Booked a del slot for 2nite, too late to checkout now. 😬","Sorry for any inconvenience caused and if there's anything else I can help with, please let me know. TY- Hannah. 3/3",". Any news on when the website will be back? Been down ages. Booked a del slot for 2nite, too late to checkout now. 😬",Sun Nov 05 21:36:46 +0000 2017
Tesco_1861535,Tesco,"your £10 meal for two is way better than any of the other supermarkets, brilliant value for money and loads of choice","Can you DM me your full name, full address and email. Alternatively I can log this anonymous for you if you'd prefer. Thanks - Lee","your £10 meal for two is way better than any of the other supermarkets, brilliant value for money and loads of choice",Thu Oct 19 17:29:52 +0000 2017
Tesco_1269261,Tesco,"I’ve tried Lisburn rd, knockbreda and Lisburn in Northern Ireland but they are not in stock","Hi Paul, our systems show that the Lisburn Bentrim Road store had 4 in stock last night and are expecting a delivery of 4 tomorrow, ready for the shelves again on Monday. 1/2","when are you stocking gluten free mince pies?
Hi Paul, we do sell a pack of 4 Free From Gluten, Wheat and Milk Deep Filled Mince Pies. If you'd like to DM me your postcode I'll be happy to see if they are stocked in the stores close to you. Thanks - Clare
I’ve tried Lisburn rd, knockbreda and Lisburn in Northern Ireland but they are not in stock",Sat Nov 25 13:02:40 +0000 2017
Tesco_1746180,Tesco,Not available 'in store' anywhere in the country according to your website. Only next day collection.,If you could also let me know what platform you would like Call Of Duty for? Thanks - Isaac 2/2,"The definitive WWII campaign at an unbeatable price. Get #CODWWII for £44 at Tesco now, in-store and online.
Not available 'in store' anywhere in the country according to your website. Only next day collection.",Tue Nov 07 15:24:26 +0000 2017
Tesco_1688693,Tesco,Ok thanks! Someone told me it related to how many times you can re-use the bottle but different numbers wouldn't make sense!,"Hi Alex, the numbers on the bottom of the bottles are for the mould station number that the bottle was blown on. 1/2","Recently I bought 2 x 1L bottles of Ashbeck Spring water. One bottle had '11' on the bottom, 1 had '4'. What does it mean?
Hi Alex, I honestly have no idea. I'll find out and let you know, though. Thanks - Dafydd
Ok thanks! Someone told me it related to how many times you can re-use the bottle but different numbers wouldn't make sense!",Tue Nov 07 13:57:35 +0000 2017
Tesco_2112663,Tesco,"Hello, Tesco fforestfach.","Hi Hannah, this voucher is for Esso service stations which our Fforestfatch branch isn't. I'm sorry for any disappointment this may cause1/2","why can’t you use this in a Tesco garage?! Fill up £50 to be told I can’t use it.
Hi Hannah, thanks for getting in contact regarding this issue. Can you let me know where this was and the barcode/voucher code. 1/2
Hello, Tesco fforestfach.",Wed Nov 08 17:25:59 +0000 2017
Tesco_1898265,Tesco,"Wud Tesco consider doing sliced lamb in packs for sandwiches like they do ham,beef etc u never see it anywhere sliced Lamb","Hi Alison. Next time you are in store, pop by the Customer Service desk and put in a request for it to be stocked in store! Regards, Andrew","Wud Tesco consider doing sliced lamb in packs for sandwiches like they do ham,beef etc u never see it anywhere sliced Lamb",Mon Oct 23 18:24:01 +0000 2017
Tesco_1950999,Tesco,when your alarm is going off through the night at the Withernsea store is it beyond you to send someone to check/silence it #annoying,Hello Mark; I'm really sorry for the inconvenience. Please be assured the Management Team are alerted who return to store ASAP - Mat,when your alarm is going off through the night at the Withernsea store is it beyond you to send someone to check/silence it #annoying,Sun Oct 29 14:02:48 +0000 2017
Tesco_2607101,Tesco,can you please put bags at self service checkouts in your express shops again please. It's getting really annoying.,"Hi Jason, If you would like I can log your feedback about this issue. If you would like me to can you please DM me some details? 1/2",can you please put bags at self service checkouts in your express shops again please. It's getting really annoying.,Mon Oct 30 21:18:00 +0000 2017
Tesco_967410,Tesco,Made a little complaint to earlier today. Phone call back and voucher received within two hours. A+ for customer service. 😊,We can then get this fed back to the person that dealt with your issue. TY - Aaron 2/2,Made a little complaint to earlier today. Phone call back and voucher received within two hours. A+ for customer service. 😊,Wed Oct 11 16:20:38 +0000 2017
Tesco_2944980,Tesco,"just tried to use a club card voucher (£5) that’s valid till 2019, but the cashier said it had already been redeemed!! How is this possible? If it had I wouldn’t have it still. #help","It could have been used online. DM your name, address, Clubcard number and the voucher code. Thanks - Leighton","just tried to use a club card voucher (£5) that’s valid till 2019, but the cashier said it had already been redeemed!! How is this possible? If it had I wouldn’t have it still. #help",Wed Nov 29 15:10:18 +0000 2017
Tesco_1737671,Tesco,"Yes and no, I don't think they paid much attention to the error, just sorted it so I could finish shopping.","Hi Steejo, which store was this in please? I'll make sure management are aware so it can be fixed. Thanks - Clare","4 cans of monster probably won't weigh 240g empty never mind full !
Hi there, did you make a colleague aware of this whilst at the store? TY - Joanne
Yes and no, I don't think they paid much attention to the error, just sorted it so I could finish shopping.",Tue Nov 07 15:15:30 +0000 2017
Tesco_2428312,Tesco,no - you have misunderstood- there are insufficient trolleys - they have had to order more as students have taken them back to halls. The manager said they had requested more but they hadn’t shown up.,"Hi Sarah, I have tried contacting store just now for an update on the trolley issue, but was unable to get through. I will let you know what is happening as soon as I can. Thanks - Ian","Narborough Road has hardly any trolleys - weekly shop for 4 with 2 hand baskets = frustrated, sore shoulders and knowing I’ll have to go back midweek when I won’t have time.
Hi Sarah, thank you for bringing this to our attention. I have fed this back to the store. Sometimes the store gets busy and they don't manage to put baskets back immediately. They took your feedback on board. TY - Eve
no - you have misunderstood- there are insufficient trolleys - they have had to order more as students have taken them back to halls. The manager said they had requested more but they hadn’t shown up.",Mon Nov 27 08:43:08 +0000 2017
Tesco_2864094,Tesco,"If you could pop round with some milk before our little one wakes at 6 tomorrow morning that’d be great, thanks !","Hi Jeremy, I can see that you have Tweeted this to multiple retailers. If this is aimed at us, I'm so sorry that your delivery has failed and if you could DM your full name, address, postcode and email I'll take a look for you. TY - Craig","Ah sorry for that, we have had a few delays due to traffic issues, but the best advice is to log on to the webshop, or DM us if you are concerned about your delivery. -JD
I’ve just been called by the driver . Apparently he won’t be coming tonight and we have to try to rearrange delivery. Would be have been easier to go to or on foot!
Hang on! I’ve just checked my emails from you - you’ve charged me and then not even tried to deliver it.
If you could pop round with some milk before our little one wakes at 6 tomorrow morning that’d be great, thanks !",Mon Nov 27 23:29:59 +0000 2017
Tesco_1646885,Tesco,Thanks. It's working now. I've moved my slot to Thursday as I wanted. Weird.,"Hi Matthew, how odd! I'm pleased you were able to book a slot. Let us know if we can help with anything at all. TY - Aimee","Hi. How come I can't set up a grocery order for delivery on Thursday? All slots showing as unavailable. No issues with any other day.
Can you please try removing your address and then re-adding your address? Let me how you get on :)
Thanks. It's working now. I've moved my slot to Thursday as I wanted. Weird.",Mon Nov 06 18:49:02 +0000 2017
Tesco_1664850,Tesco,I have a midweek delivery plan and all of Tuesday is showing as unavailable. Can you explain why this is please?,I'm sorry for the inconvenience. We're aware of some problems with the website and are investigating further. 1/2,I have a midweek delivery plan and all of Tuesday is showing as unavailable. Can you explain why this is please?,Mon Nov 06 10:36:49 +0000 2017
Tesco_1933977,Tesco,nor was it requested. <End>,"I'm sorry that you have received poor service, can you please DM us the details requested and a description of what happened? TY - Mike","When my shopping is delivered I don't expect to receive verbal abuse about a decision me & my partner have made regarding our child's >
education, because of something the driver watched on TV that has NOTHING to do with my family. #homeed does not mean me or my partner are >
failing or neglecting our child. And frankly I'm disgusted that he felt he had the right to say it to me! His opinion is not required >
nor was it requested. <End>",Sat Oct 28 07:46:56 +0000 2017
Tesco_1971472,Tesco,hey my wallet was lost and I’ve lost my membership cards and losing points help plz x,"Hi Robbie, can you DM us your full name, address and e-mail address so we can get a new card sent out? Kind regards - Rhys :)",hey my wallet was lost and I’ve lost my membership cards and losing points help plz x,Wed Nov 01 03:45:24 +0000 2017
Tesco_1958005,Tesco,", I spent £120 plus at Tesco Stourbridge thinking I would get 0.10 off a litre of fuel. Filled up at my local","Hi Alison, I'm sorry you didn't get your fuel voucher. Can you please DM me a few details? 1/2",", I spent £120 plus at Tesco Stourbridge thinking I would get 0.10 off a litre of fuel. Filled up at my local",Mon Oct 30 19:16:22 +0000 2017
Tesco_89233,Tesco,Well I’ve just found #vegan stollen in so my day has improved significantly 😋,"Hi Katie, I'm glad to hear that you've found #vegan Stollen in your local store! It's a nice little treat at Christmas :), please do let us know your verdict on it! Kind regards - Kelly.",Well I’ve just found #vegan stollen in so my day has improved significantly 😋,Thu Nov 23 13:08:33 +0000 2017
Tesco_158910,Tesco,I feel I am always complaining but I’m not happy with these pj’s I bought washed them today first time and the stars have all come off I have attached pics of them now and a pic from site of how they should look,"Hi Trish, thanks for getting in touch. I'm really sorry the stars have come off your pyjama bottoms and I can imagine how frustrating this must be for you. Could you please DM some details? 1/2",I feel I am always complaining but I’m not happy with these pj’s I bought washed them today first time and the stars have all come off I have attached pics of them now and a pic from site of how they should look,Fri Nov 24 17:58:35 +0000 2017
Tesco_2790852,Tesco,"Hi Alicia, thank you for your reply. I think I’ve sent you a DM back! Not sure if it came up with your name or if I sent it to Tesco","Hi Hayley, I've responded to your DM. Kind regards - Rhys","lovely customer service...not even a hello or tell me how much my bill is! #shockingcustomerservice
Hi Alicia, thank you for your reply. I think I’ve sent you a DM back! Not sure if it came up with your name or if I sent it to Tesco",Tue Nov 21 20:12:10 +0000 2017
Tesco_115350,Tesco,"how come its taking so long to get the pumps working at #Melton Mowbray Petrol Station, its been 2-3 months that they are not well","Hi Karl, it's showing on our system that there are 2 stores in Melton Mowbray with Petrol Stations, can I ask which one you're referring to? Thanks - Josh","how come its taking so long to get the pumps working at #Melton Mowbray Petrol Station, its been 2-3 months that they are not well",Thu Nov 23 21:40:31 +0000 2017
Tesco_476565,Tesco,"Oh that's OK, I'm OK that's fine... 😭","Sorry about that, Amy! Have a good day - Laura :)","Hi Amy, is there any chance that this is the product you're looking for: Thanks, Calum
No it was an orange box with a foil bag of chocolate orange segments!
Hi Amy, I've checked & it's been discontinued from our range. I'm sincerely sorry for any inconvenience caused - Laura
Oh that's OK, I'm OK that's fine... 😭",Fri Dec 01 12:27:38 +0000 2017
Tesco_1694013,Tesco,Why are loose leeks DEARER than packaged ones (£1.58/kg) ? This does NOT encourage shoppers 2 choose responsibly & ditch #plastic 😠,"Hi Tracy, thanks for getting in touch. We'll be happy to log your feedback for future review by the relevant department. 1/2",Why are loose leeks DEARER than packaged ones (£1.58/kg) ? This does NOT encourage shoppers 2 choose responsibly & ditch #plastic 😠,Mon Nov 06 18:33:07 +0000 2017
Tesco_2793381,Tesco,"After making a special journey to buy this deal, it turns out its a misleading “mistake” and the staff in store could not care less","Hi Stacey, thank you for getting in touch with us. Can you please DM us and elaborate what happened with the store colleagues? TY - Eve","After making a special journey to buy this deal, it turns out its a misleading “mistake” and the staff in store could not care less",Tue Nov 21 21:22:20 +0000 2017
Tesco_2688426,Tesco,Not one single gluten free sandwich in its fine I’ll just starve,Could you provide me with your name and address/email address please? Thanks - Peter 2/2,Not one single gluten free sandwich in its fine I’ll just starve,Sun Nov 19 14:28:12 +0000 2017
Tesco_1007931,Tesco,I don't think the banner is the problem... That was the toiletries section. See hairwax on shelf below. Who puts spag bol there?!?,"Hi Yamesh, I'm sorry for delay in replying, I have made the store aware and they will remove the extra products. TY - Eve","Hi Yamesh, what a very strange thing to see, can you let me know which store this is? As I can call them up and query this. Regards, Andy
It's the Tesco Extra at Sandhurst. I've tried using it as shaving foam, but it's crap.
Hi Yamesh, thank you for your message. The store is closed now but I will let them know tomorrow to change the banner. TY - Eve
I don't think the banner is the problem... That was the toiletries section. See hairwax on shelf below. Who puts spag bol there?!?",Mon Oct 23 20:33:46 +0000 2017
Tesco_1004039,Tesco,Is there anything you’re able to tell me about what it could be? Thanks.,We can then speak with our finance team and see if there's anything that we can do to assist. Kind regards - Andy 3/3,"I’ve a pending transaction “TESCO STORES AWALTHAM CR OSS” on my card. I’ve never been there. Could it be anything other than fraud?
i.e. could it be a centralised charge from Tesco Direct or something? I live hundreds of miles away from Waltham Cross.
My bank says that they can’t find anything about the charge until it goes through, which it hasn’t since made on 8th October. Still pending.
Is there anything you’re able to tell me about what it could be? Thanks.",Sat Oct 14 13:08:49 +0000 2017
Tesco_742817,Tesco,Nottingham Metro! I go in literally daily and they have them in stock perhaps three times in a month 😔,If you need anything else at all please contact me and I will be happy to help :)! Ty - Darren 3/3,"why do never have courgettes in stock🤷🏼‍♀️
Could you let me know which branch you're referring to and I'll investigate this for you? TY - Peter 2/2
Nottingham Metro! I go in literally daily and they have them in stock perhaps three times in a month 😔",Wed Oct 11 16:46:42 +0000 2017
Tesco_2415014,Tesco,"Hi David, it is the first infant milk powder. Apparently there was a restriction in place which has been lifted yet someone is allowed to clear the shelf!",The store is also expecting a delivery tomorrow at 22:00 so there will be more on the shelves by Thursday. Hope this helps :). - Peter 2/2,"why has someone been allowed to bulk buy all the Aptamil formula at Tesco Wolverton!?! Now struggling to find any for my 4 month old. 😡😡
Hey Richard, I'm so sorry to hear this. I'd be more than happy to check the stock and when the next delivery is due but first can you confirm which Aptamil product this is please. - David
Hi David, it is the first infant milk powder. Apparently there was a restriction in place which has been lifted yet someone is allowed to clear the shelf!",Tue Nov 14 21:04:45 +0000 2017
Tesco_1626798,Tesco,"bought some 'peeled' sprouts today but had to peel again before using as were horrible, dread to think what they'd be like in 4 days","To resolve this you can return to your nearest extra, superstore or metro with a proof of purchase they’ll be able to sort this out. 2/4","bought some 'peeled' sprouts today but had to peel again before using as were horrible, dread to think what they'd be like in 4 days",Sun Nov 05 18:50:19 +0000 2017
Tesco_2848928,Tesco,Desperately waiting for this to be re-stocked in a size 14! Are you able to confirm if it will be back before Xmas?,"Hi Louise, I'm incredibly sorry about this, but it appears this particular item was discontinued to make way for new fashion lines. Please accept my sincere apologies regarding this, as you were advised otherwise previously. TY - David","Hello! Are you able to confirm if this will be coming back into stock online at all in a UK 14? Thanks
Hi Louise, we should be receiving more stock in the coming weeks.
Desperately waiting for this to be re-stocked in a size 14! Are you able to confirm if it will be back before Xmas?",Mon Nov 27 21:40:57 +0000 2017
Tesco_290118,Tesco,Cheers for providing some disgusting potatoes. What even is this? Someone snot rocket in the packet 😂,"Can you send your full name, postcode & address and email please? We'll also need some details from the packaging if you still have it 2/4",Cheers for providing some disgusting potatoes. What even is this? Someone snot rocket in the packet 😂,Mon Oct 16 21:28:35 +0000 2017
Tesco_942306,Tesco,"I think there might have been a mistake at quality control with which one is the ""create and play dolls house"" 😂","The item on the left is the ""create and play dolls house"" the item on the right is an accessory for the main set. - Adam","I think there might have been a mistake at quality control with which one is the ""create and play dolls house"" 😂",Sat Oct 21 16:14:08 +0000 2017
Tesco_583119,Tesco,Shows it is well in date,"Hi there, thank you for getting in touch with us. I'm sorry to hear that you didn't like the calendar you bought. I can assure you I will log your feedback on our system for review and arrange a refund. 1/2","Bought a lovely Christmas advent calendar from my local and the chocolate is disgusting. Don't know what on Earth has happened but it's inedible and ruined the Christmas lead up. Not good enough expect more from devastated please sort it out! 😭
Here's photo evidence
Shows it is well in date",Sun Dec 03 13:42:25 +0000 2017
Tesco_2127012,Tesco,I lost my silver necklace in your Sunbury branch has anyone handed it in?,"Hi Charley, I am sorry to hear this. Can you confirm if it was today and what time where you in the store? Ty, Andy",I lost my silver necklace in your Sunbury branch has anyone handed it in?,Wed Nov 08 18:31:32 +0000 2017
Tesco_2755041,Tesco,Was so excited to make food tonight. Stopped off for an avocado and ended up with this... £1.10 in the bin!! #FirstWorldProblems,"Hi Cheryl. I'm really sorry about this. That doesn't look nice, I totally understand your disappointment. I can refund you here by email or post. What method would you like? We would also like to feed this back to supplier. 1/3",Was so excited to make food tonight. Stopped off for an avocado and ended up with this... £1.10 in the bin!! #FirstWorldProblems,Mon Nov 20 21:11:09 +0000 2017
Tesco_2226656,Tesco,West Wimbledon - Scan and Shop not switched on again by 6:45am very annoying lapse in detail,"Good morning Mary; I'm really sorry for the disappointment. I've notified the Store Management Team at our New Malden Extra so they're made aware of your feedback, and I've documented your comments for our Head Office - Mat :)",West Wimbledon - Scan and Shop not switched on again by 6:45am very annoying lapse in detail,Fri Nov 10 08:22:29 +0000 2017
Tesco_124155,Tesco,Yes it was at 11pm,"Hi Anastasia, sorry to be a pain but for me to create a log of this I need you to confirm your full name, address and email via DM's. Lawrence","I never complain on Twitter, but absolutely shocked at the state of my local at Highbury & Islington station - mess everywhere, staff does nothing to clear out and give access to the shelves. All fridge sections had no lighting. Looks like a war zone!
Hi Anastasia, that certainly doesn't look good. If it's OK with you I'd like to chase this up with my colleagues on the stores Management Team. Can you please tell me roughly what time the pictures were taken? TY - Paul
Yes it was at 11pm",Fri Nov 24 08:32:20 +0000 2017
Tesco_1029038,Tesco,Lovely autumn theme in Tesco Express this evening.,Well we like to stay festive this time of year Steve. What store was this in please? - Mart,Lovely autumn theme in Tesco Express this evening.,Mon Oct 23 03:45:57 +0000 2017
Tesco_35382,Tesco,many thanks! have been a saver customer for years now. Are you delivering Xmas Eve?,The majority of these are in the London areas. I hope this helps. Thanks - Chris 2/2,"have I missed when Xmas slots are open for delivery saver folks?
26th November is the date delivery saver customers can book slots up to and including 23rd December. Thanks - Jennifer
many thanks! have been a saver customer for years now. Are you delivering Xmas Eve?",Wed Nov 01 23:07:52 +0000 2017
Tesco_2736816,Tesco,Just to confirm I’m after the outfit on the doll (which should at least have a product number to then be told it’s unavailable) not the doll.,"Hi Natalie, thanks for taking the time to get back to us. I can advise that we don't sell the clothing separate for this Sindy Doll. I do apologise about this. TY - Sheryll","Hi Natalie, I know that the doll has been available, I'm not sure about the clothing. - Mart
My issue is that it’s being shown in the catalog and online yet its unavailable everywhere which seems a little silly when little girls like thenoutfit yet cannot purchase or find
Hi Natalie, I can confirm that over 100 orders have been processed for this doll. I have been advised more stock has been requested from our supplier. Please register for stock updates on this product. Thanks. Arif
Just to confirm I’m after the outfit on the doll (which should at least have a product number to then be told it’s unavailable) not the doll.",Tue Nov 21 15:02:32 +0000 2017
Tesco_1958863,Tesco,Bought this yesterday they must have been trying to get rid of it but today it’s already gone off and stinks waste of money!!!! 😷,"Hi Jess, This looks awful, I'm sorry you've ended up with this. I will refund you but I'll need some details. 1/4",Bought this yesterday they must have been trying to get rid of it but today it’s already gone off and stinks waste of money!!!! 😷,Mon Oct 30 20:35:24 +0000 2017
Tesco_1760675,Tesco,Eating my dinner and my Tesco branded fish seems to have left a number 2!? 😷,"Ultimately though you'll need to return to store with the packaging, the foreign object and proof of purchase. - Nick 4/4",Eating my dinner and my Tesco branded fish seems to have left a number 2!? 😷,Tue Nov 07 20:12:01 +0000 2017
Tesco_917135,Tesco,Vote for Ash Tree in the Castleford and Pontefract Tesco stores with your blue token please #everylittlehelps,Good luck! ☘,Vote for Ash Tree in the Castleford and Pontefract Tesco stores with your blue token please #everylittlehelps,Sat Oct 21 09:52:07 +0000 2017
Tesco_1931286,Tesco,This is nonsense! Scottish 🍓 now British 🍓 Scottish Beef now British Beef and so on.Aldi are happy to retain Scottish brand! #boycotttesco!,"Hi there, we want to provide constancy across the range meaning we don't want to have a lot of different flags over the whole range. - Lee","not another penny from me! Boycott Tesco if it’s trying to remove Scottish product identity with a generic British brand!
Hi, sorry you feel this way. To provide consistency across our range of fresh produce, the packaging was updated last year. Ty - Maggie
“To provide consistency across our range of fresh produce” what exactly does that even mean?
This is nonsense! Scottish 🍓 now British 🍓 Scottish Beef now British Beef and so on.Aldi are happy to retain Scottish brand! #boycotttesco!",Sat Oct 28 15:53:46 +0000 2017
Tesco_44189,Tesco,"Due to a life hurry, I was forced to buy one of your ready meals. This was a 'Finest' Moussaka. There was nothing 'fine' about this. Please send your Head Chef to Greece to experience what this should taste like....or pop to as they have it nailed!","Hi Katie, sorry to hear that you're unhappy with the Tesco Finest Moussaka you purchased. I would like to log your feedback and also refund you for your purchase via a moneycard so you aren't out of pocket. 1/3","Due to a life hurry, I was forced to buy one of your ready meals. This was a 'Finest' Moussaka. There was nothing 'fine' about this. Please send your Head Chef to Greece to experience what this should taste like....or pop to as they have it nailed!",Sun Nov 26 00:38:18 +0000 2017
Tesco_1731251,Tesco,"Residents of are fed up of Your inaction. U make good money from us, please take care of your neighbours and have some pride.","This is due to how busy the store was. I apologise for the inconvenience, I've been assured this won't happen again - David 2/2","Welcome to , where image is everything.
Hi there, I'm sorry about this. Could you please tell us the name of the store so that we can pass this feedback to the Store Manager? Paras
Residents of are fed up of Your inaction. U make good money from us, please take care of your neighbours and have some pride.",Tue Nov 07 12:14:44 +0000 2017
Tesco_2460176,Tesco,I dont need to read more. I just wanted to know why it was more than everywhere else. Jeez,"If you cancel your order, the pre-authorisation reserve will be removed from your account within a few working days :) hope this helps - Mike 3/3","Hi Nessy, this is the amount used for the pre-authorisation checks. More information available via our website - -Christie
Yes i know that but why is it £2 and everywhere else is much lower
Hi Nessy, this is the amount set for pre-authoisation checks. You can read more about this here: - Helena
I dont need to read more. I just wanted to know why it was more than everywhere else. Jeez",Wed Nov 15 09:02:12 +0000 2017
Tesco_1934128,Tesco,So I've just had to cancel a whole shopping order because think people book specific delivery slots for shits & giggles 😒,"Good morning, thanks for getting in touch, sorry to hear of this issue and for the delay in my response. 1/2",So I've just had to cancel a whole shopping order because think people book specific delivery slots for shits & giggles 😒,Sun Oct 29 02:36:48 +0000 2017
Tesco_2383772,Tesco,Can you please advise if I can use a gift card online for groceries? Can't seem to get it to accept the code!,"Sorry Charlotte I'm afraid that you can't use a giftcard on grocery orders, sorry for any inconvenience this causes. Thanks - Mike",Can you please advise if I can use a gift card online for groceries? Can't seem to get it to accept the code!,Fri Oct 20 07:51:07 +0000 2017
Tesco_2959372,Tesco,Can you confirm you have receive my DM and you have all the info you require?,"Hi Carol, we received your DM. Can you also confirm the store where you made the purchase and what time this was at? TY - Rhuari","Went to use chicken with best before date of Dec 3 only to find it had gone off. Very disappointed
I'll then be able to refund you. Can I also ask for your permission to pass on your details to our supplier please? Can you please let me know if you would rather a refund through the post or to your email? TY - Mark 2/2
Yes to passing on details and through email is fine
Can you confirm you have receive my DM and you have all the info you require?",Wed Nov 29 20:41:41 +0000 2017
Tesco_1043863,Tesco,How about giving your till staff some training? How about them telling me how much money I need to give you rather than just stand there in silence?,"Hi Simon, sorry to hear about this. Can you let me know what store this is? 1/2",How about giving your till staff some training? How about them telling me how much money I need to give you rather than just stand there in silence?,Mon Oct 23 09:34:37 +0000 2017
Tesco_1847475,Tesco,my photobook arrived covered in scratches. Got told a new one would be sent out. No sign and ignoring my messages. Shocking service,"Hi Susan, I'm sorry to hear that your photobook album arrived scratched and I understand your disappointment. 1/4",my photobook arrived covered in scratches. Got told a new one would be sent out. No sign and ignoring my messages. Shocking service,Thu Oct 19 20:25:57 +0000 2017
Tesco_156922,Tesco,"Hey there, how long does it usually take for your home delivery service to become available to new properties? We've been at our new place for a month now and still don't see ant slots available for our address (in the middle of a major city)","Hi Dave, this does depend on the Royal mail as we get our address lists from them. Usually this take about 6 weeks but this can vary. Have you added your address to the Royal mail? - Thanks - Matt","Hey there, how long does it usually take for your home delivery service to become available to new properties? We've been at our new place for a month now and still don't see ant slots available for our address (in the middle of a major city)",Fri Nov 24 17:24:10 +0000 2017
Tesco_1483688,Tesco,website changes - can no longer see favourites by department #fail,I appreciate this must be disappointing and I'd like to log your feedback with our IT Team 2/3,website changes - can no longer see favourites by department #fail,Fri Nov 03 02:57:49 +0000 2017
Tesco_1198010,Tesco,115 I think In this years hot list of the October magazine,Thanks Max! I'll have this looked into and be back in touch when I have some information. - Danny,"Hey , what goes? Fiancée wants this from your magazine but it’s £15 on your site it’s a bit misleading, fancy making it right?
Hi Max, can you let me know which page this on please? - Danny
115 I think In this years hot list of the October magazine",Mon Oct 16 03:47:55 +0000 2017
Tesco_125421,Tesco,Thank you,"Hi Leonie, if there's anything else at all I can do in the mean time then please get back in touch. Kind regards - Andy S","I'm sorry for the inconvenience, Leonie. We can use the previous number if that is preferred, but can you confirm what time is best for the store to contact you? Kind regards - Rhys
Daytime is fine. Thank you
Hi Leonie, our store manager will be back in store on Sunday and they will be able to provide you with a call back at this time. I have sent them your contact number and requested the call - Allyn
Thank you",Fri Nov 24 13:02:40 +0000 2017
Tesco_1513471,Tesco,"Your store is 2 Monck St, SW1P 2BW","Hi Richard, Thanks for bringing this to our attention. I'm currently trying to get in contact to the store are the moment. 1/2","The fire exit at your packed Monk St SW1 store is blocked almost every day. See photo today. Manager not available, despite asking.
Hi Richard, I'm struggling to locate the store you are referring to I would like to get this sorted. Can you DM me your postcode. TY Stacey.
Your store is 2 Monck St, SW1P 2BW",Fri Nov 03 17:30:21 +0000 2017
Tesco_2323647,Tesco,Turkey yes but then it’s curry all way up until 2nd of January #EveryonesWelcome,Curry is a good shout. We have some other ideas you could try this year too 👍 #EveryonesWelcome #EveryLittleHelps,"Turkey? Sauerkraut? Pie? Which food makes your Christmas dinner? However you do Christmas, Everyone's Welcome at Tesco. #EveryonesWelcome
Turkey yes but then it’s curry all way up until 2nd of January #EveryonesWelcome",Mon Nov 13 10:52:48 +0000 2017
Tesco_115364,Tesco,Hi I have just received the refund and only refunded one item out of 3,"Hi Darren, I can see your refund was processed, please allow 3-5 working days for this to credit your payment card. Ty - James","Hello Darren, I am sorry my colleague had issues refunding an item for you and I appreciate the frustration this has caused. Can you please send your full name, address and email? TY - Chris
Darren riches shopping was in your wife's name Julia Riches 53 Durham Ave Gorleston nr317hf __email__
Hi Darren, thank you for getting back to me, I have logged your feedback for the store to address? Have you now been refunded for the item? If not, can you let me know which one it was? TY - Chris
Hi I have just received the refund and only refunded one item out of 3",Tue Nov 28 05:58:07 +0000 2017
Tesco_659605,Tesco,"WOW your new tesco groceries website is awful.. I could have walked to my local store, done a full shop & had a few pints in the pub on way back quicker than it's taken me to do it online. So slow. Poor search options. Worst website ever!!!",Can you please try clearing the cache and cookies on your device to see if this helps? Thank you. Kind regards - Aneurin 2/2,"WOW your new tesco groceries website is awful.. I could have walked to my local store, done a full shop & had a few pints in the pub on way back quicker than it's taken me to do it online. So slow. Poor search options. Worst website ever!!!",Wed Nov 22 23:34:55 +0000 2017
Tesco_1024827,Tesco,I've just had to abandon my shopping because Streatham have NO carrier bags. What a waste of of time.,"Hey, I'm really sorry about this. Are you able to tell me what store in Streatham this is and I will look into it for you? Thanks Megan",I've just had to abandon my shopping because Streatham have NO carrier bags. What a waste of of time.,Thu Oct 26 18:46:58 +0000 2017
Tesco_1661892,Tesco,your sizing guide link on a kids hat page takes to irrelevant men’s sizing guide. How choose size please?,"Morning, Fiona! I'm sorry for the problems you've experienced with the F&F site. I can appreciate how annoying this must have been 1/4",your sizing guide link on a kids hat page takes to irrelevant men’s sizing guide. How choose size please?,Mon Nov 06 09:12:49 +0000 2017
Tesco_1466196,Tesco,will any of the Plymouth stores be included in the Call of Duty midnight launch?,"Hi Aaron, I have looked into this and can confirm that Plymouth Roborough Extra are doing the midnight release. Thanks - Mark",will any of the Plymouth stores be included in the Call of Duty midnight launch?,Thu Nov 02 19:20:52 +0000 2017
Tesco_1540956,Tesco,"just opened our baby’s Hauck ‘sleep and play’ travel cot. Inside I found a different brand cot that is ripped, dirty and broken.","Sorry to hear that Dave, please can you DM your full name, address and order number? I can then look into this for you. - Ceri","just opened our baby’s Hauck ‘sleep and play’ travel cot. Inside I found a different brand cot that is ripped, dirty and broken.",Sat Nov 04 02:16:26 +0000 2017
Tesco_684952,Tesco,Woeful lack of vegetarian options in the Finest range. Any reason why?,"Hi There, Can you please DM me your postcode and I can have a look into this for you. Kind Regards - Stacey.",Woeful lack of vegetarian options in the Finest range. Any reason why?,Thu Nov 23 12:53:09 +0000 2017
Tesco_2016888,Tesco,Whats up with your App? Can’t check out on iphone or iPad.,"Hi Andy, we are aware of an issue and it is being worked on as a matter of urgency. I'm sorry for any inconvenience caused. - Emma",Whats up with your App? Can’t check out on iphone or iPad.,Sun Nov 05 21:29:32 +0000 2017
Tesco_1008643,Tesco,ammmazing! Ok we just need to come back more often then! ;-),"Hi Matteo, I'm happy you're satisfied, I hope you enjoy them when you buy them :) - Beth","hi there, 2nd time at Tesco in Hammersmith, saw this, and no BReady ... no because are sold out, simply not there :-(
Hi Matteo, I'm so sorry, it seems these are very popular! They're currently out of stock but are being delivered this evening. :) - Emma
ammmazing! Ok we just need to come back more often then! ;-)",Sun Oct 15 13:22:16 +0000 2017
Tesco_2755036,Tesco,4-pack of cans,"Hi Olly, I've fed this back to the store to ensure any out of date packs are removed. If there's anything else we can help you with, please let us know. Kind regards - Rhys","Hi Olly, I'm sorry that you've managed to buy this from one of our stores. I'd like to look into this and get it reported back to store. Which store was this bought from? Can you DM me with a few details? 1/2
This was Tesco Metro, The Parade, Swindon. No receipt, not bothered about a refund. Thanks for following up!
Hi Olly, sorry to be a pain but can you send me the barcode of the product or inform me of whether or not it is a 4pck of cans or a bottle? This is so I can have the correct product checked. Ty - Reece
4-pack of cans",Wed Nov 22 02:00:16 +0000 2017
Tesco_1514511,Tesco,"I go to Stirling and Bathgate stores regularly, haven’t seen them for months!","Hi Kirsten, it would appear this item is no longer stocked in these stores I'm afraid. I'm sorry for any disappointment! 1/2","haven’t been able to find Chipz for ages, please tell me you’ve not discontinued them?
Hi Kirsten, can you DM me your local store and I'll be happy to look into this for you? TY - Reece
I go to Stirling and Bathgate stores regularly, haven’t seen them for months!",Fri Nov 03 19:12:24 +0000 2017
Tesco_28516,Tesco,hi are your 24hr stores going to have call of duty WW2 at midnight?,"Good afternoon Mr B, I can confirm our 24 hours will be launching the game at midnight. Kind regards - Lara.",hi are your 24hr stores going to have call of duty WW2 at midnight?,Wed Nov 01 10:45:12 +0000 2017
Tesco_2192967,Tesco,"Hi I think this should say ""Valencian"" rather than ""Valenican""","Hi David, thanks for bring this to our attention. I've raised this to our Support Team to have the website updated. Thanks - Craig","Hi I think this should say ""Valencian"" rather than ""Valenican""",Thu Nov 09 19:54:25 +0000 2017
Tesco_2766021,Tesco,"hey, about to complete an online shop for delivery tomorrow and your website appears to have crashed? Very annoying.","Hi Pablo, I am sorry you are having issues with our website, I can assure you our Website Team are working hard to get this resolved. Have you tried using the app at all? TY - Chris","hey, about to complete an online shop for delivery tomorrow and your website appears to have crashed? Very annoying.",Fri Nov 10 01:11:15 +0000 2017
Tesco_56049,Tesco,Love drinking solidified Apple juice,"Hi, sorry to learn that that this has happened and this is alarming to see. 1/4",Love drinking solidified Apple juice,Wed Nov 01 19:34:08 +0000 2017
Tesco_839072,Tesco,"I have shopped in lansrk Tesco for many yrs staff are lovely no complaints, but prices and reaching for things in freezers now nightmare !",I can then look into with them and get back to you. Kind regards - Andy 2/2,"used to be my fav shop wtf is going on daily price rises and can only reach top stuff on shelves and freezers if your 6ft 😡
Hi Senga, Sorry about your experience, what store is this please? we can then ask them why this is so. Ty - Tricia
I have shopped in lansrk Tesco for many yrs staff are lovely no complaints, but prices and reaching for things in freezers now nightmare !",Fri Oct 13 13:40:25 +0000 2017
Tesco_1233675,Tesco,why can’t I find spring rolls anywhere (the non frozen large ones)😭😭 second week in a row...what’s going on!!?,"Hi Amara, I'm sorry you cant find spring rolls anywhere, can you DM me your postcode and I'll look into this for you? TY - Reece",why can’t I find spring rolls anywhere (the non frozen large ones)😭😭 second week in a row...what’s going on!!?,Wed Oct 25 17:53:11 +0000 2017
Tesco_1846075,Tesco,"hello, are these crisps still around? Or will they be coming back?","Hi Sophie, as these were a limited edition snack I'm unsure whether or not they will be returning to our shelves. 1/2","hello, are these crisps still around? Or will they be coming back?",Thu Oct 19 18:34:37 +0000 2017
Tesco_2397415,Tesco,"curious, do you guys stock Graze products? If so, how much are the share bags and small punnets? Not going to make an unnecessary trip if I can avoid it","Hi Owen, if you could let me know exactly the products your looking for and DM your postcode to us, I can look into this for you. Lawrence","curious, do you guys stock Graze products? If so, how much are the share bags and small punnets? Not going to make an unnecessary trip if I can avoid it",Tue Nov 14 12:45:00 +0000 2017
Tesco_913416,Tesco,Ok no worries,No problem at all Calvin. Please let us know if you need any help in future. - Aaron,"I'm really sorry Calvin but there aren't any stores local to you that have the console in stock in order to be able to purchase the offer.
Won’t the offer be going back on?
We don't have any information about future promotions either sorry, so I couldn't say if this offer will be on in future. - Aaron 2/2
Ok no worries",Sat Oct 21 16:10:43 +0000 2017
Tesco_1392541,Tesco,Haven't yet had the chance to do the trip...hence the reason for the online shop. Dvds will be returned due to rebuying birthday gifts,"Although there is little I can say to alleviate the disappointment caused, I do hope that you accept my sincere apologies.","Waste of time! 30mile round trip to to have security tags removed from dvds which were delivered in online shop...v unhappy customer!
I'm sorry for the inconvenience, Lynn. I'm glad it's sorted. Charlotte
Haven't yet had the chance to do the trip...hence the reason for the online shop. Dvds will be returned due to rebuying birthday gifts",Sat Oct 28 19:32:10 +0000 2017
Tesco_1230366,Tesco,are these valid at your stores,"Hi Graham, we'll be happy to check this for you. Could you please DM us a photo of the back of a voucher? TY - George",are these valid at your stores,Wed Oct 25 20:55:54 +0000 2017
Tesco_1758167,Tesco,Keynsham that is 4 of your staff stood around having a chat about the telly tonight whilst tills go unmanned and queues form. #poor,"I'm sorry to hear my colleagues were not very helpful whilst at our store William, I can understand your concerns. 1/2",Keynsham that is 4 of your staff stood around having a chat about the telly tonight whilst tills go unmanned and queues form. #poor,Tue Nov 07 19:52:03 +0000 2017
Tesco_2779686,Tesco,"I don't need a refund, just please improve the product. Thanks for reply","Hi Mandy, that's no problem at all, and thanks for letting us know. I've now passed the details of this on to our suppliers, so hopefully this won't happen again. Thanks - Josh","Hi Mandy, I am sorry to see this! Clearly not the level of quality we expect our customers to receive! I'd like to get this logged, fed back to our supplier and refund you for the item! 1/3
Just sent you a dm
Thank you for those details Mandy. Can I ask if you would prefer your refund sent via email or post? Ty - Marian
I don't need a refund, just please improve the product. Thanks for reply",Tue Nov 21 21:22:44 +0000 2017
Tesco_2476533,Tesco,"Christmas eve, usually in a state of fairly advanced inebriation. It's foolproof (and sloshed proof)","Ah we see, they're super fresh on Christmas day then...ideal 🙌 If you're keen for some more festive baking, try a few of these crackers 😋 #EveryLittleHelps","Turkey? Sauerkraut? Pie? Which food makes your Christmas dinner? However you do Christmas, Everyone's Welcome at Tesco. #EveryonesWelcome
Boxing day dinner. Pork pie with prunes and pistachios, a recipe from a food magazine in 1997, I think. Made every year since. Everyone adores it.
1997! Wow, it sure has stood the test of time Lea 😯 When do you usually start the baking?
Christmas eve, usually in a state of fairly advanced inebriation. It's foolproof (and sloshed proof)",Thu Nov 16 10:25:36 +0000 2017
Tesco_1132321,Tesco,When you buy a packet of fridge raiders from only to discover they are 2 weeks out of dates once you’ve bitten into one 🤢,"Hi Jessica, thank you for getting in touch with us. I'm ever so sorry about this and would like to ensure this is addressed. 1/3",When you buy a packet of fridge raiders from only to discover they are 2 weeks out of dates once you’ve bitten into one 🤢,Tue Oct 24 12:20:08 +0000 2017
Tesco_479880,Tesco,Hi just purchased this from your Derby city centre store. I open the packet in the office and it was off. The smell was foul.,Can you also send the supplier code (for example SC12345) & a full copy of your receipt? 3/4,Hi just purchased this from your Derby city centre store. I open the packet in the office and it was off. The smell was foul.,Fri Dec 01 13:51:31 +0000 2017
Tesco_660646,Tesco,Unfortunately I haven’t kept the receipt for 2 months but they have F&F on them so you know they are your design. My LO only started school Sept 😩😩,"If not it will be down to the stores discretion as to whether they can exchange/refund you for the shoes. However, I'm sure they will be able to assist you. Thanks - Lara. 2/2","Worn for only 2 months by a 4 year old!!! your shoes are not durable enough for school use. #wasteofmoney #schoolshoes any recommendations #mums ? Please x
I'm sorry to hear the shoes you purchased from our store are not the quality you would expect Zara. Please can you return the shoes and receipt back to my colleagues in you local Tesco Extra/Superstore? TY - Jayne
Unfortunately I haven’t kept the receipt for 2 months but they have F&F on them so you know they are your design. My LO only started school Sept 😩😩",Thu Nov 23 06:33:22 +0000 2017
Tesco_2618986,Tesco,Hello? Anybody there?,"Hi Munawar, please return the item to one of our larger Metro/Extra/Superstores with your receipt for a full refund and for this to be fully investigated - Lee","ive just bought tesco finest sea salt cider vinegar crisps and theres mouse droppings in the bag
Can you also message me your full name, address, barcode and a copy of your receipt if this is still available? Thanks - Lee 3/3
Hello? Anybody there?",Fri Nov 17 15:30:31 +0000 2017
Tesco_2173018,Tesco,sort out automated text messages. I've had the same text from you about my credit card 6x in 4 minutes. 😠 Once is more than enough,"Sorry about that! We've had a little hiccup here, but everything should be fine now! - Scott",sort out automated text messages. I've had the same text from you about my credit card 6x in 4 minutes. 😠 Once is more than enough,Thu Oct 19 12:06:03 +0000 2017
Tesco_1939932,Tesco,"Yes I know - the most horrendous management decision- people stood around just fuming, wasting the most beautiful sunny Sunday of the year.","Hi Su, sorry for the inconvenience, If you DM us your full name, address and postcode we can log this which will go under review? - Jay","Hi Su, This is due to the stores ordering in new trolleys. They take the old ones away and are getting replaced with new ones :) - Jay
What do you want us to collect shopping in - also you’ve removed the £ release chains attached to trolley park for full customer annoyance.
They make it sound like they're doing you a big favour by renewing clapped-out trolleys. Like you I'll be grateful for that inconvenience.
Yes I know - the most horrendous management decision- people stood around just fuming, wasting the most beautiful sunny Sunday of the year.",Sun Oct 29 20:32:41 +0000 2017
Tesco_2394833,Tesco,have you changed the recipe of these? The ones I had last night were a different shape and had no taste!,"Hi Simon, I'm sorry you didn't enjoy your bacon rashers last night. I have asked my support team to look into this and will get back to you ASAP to let you know :-) TY - Steph",have you changed the recipe of these? The ones I had last night were a different shape and had no taste!,Tue Nov 14 12:10:20 +0000 2017
Tesco_2950191,Tesco,"Hi, have asked me to send the packaging in to them. Who should I send to?","Hi there, we would normally ask for the packaging to be returned to the store however if Quorn want to investigate this further I would advise sending it to them :). Regards - Peter","WOW. Oven cooked this according to instructions. The plastic melted! It is NOT oven proof!! 😷 😱 #quorn #vegetarian #meatfree
My colleagues will be able to send this away to be investigated and can refund you from their end too. Regards - Peter 2/2
Hi, have asked me to send the packaging in to them. Who should I send to?",Wed Nov 29 21:51:20 +0000 2017
Tesco_1631429,Tesco,"AGAIN #gladiolifailure. Two bunches purchased on Thursday, not a single bloom, and one stem collapsed! They look terrible!","Hi Grace, I am very sorry to hear your item had not bloomed, I hope this didn't ruin any special occasion. 1/2","AGAIN #gladiolifailure. Two bunches purchased on Thursday, not a single bloom, and one stem collapsed! They look terrible!",Sun Nov 05 19:49:45 +0000 2017
Tesco_1989477,Tesco,Hello! Can you confirm which stores have stock of the 10 motive menthol refills please?,"Hi Louise, the following stores are within your area and have limited stock they are: Bishop Auckland, Newton Aycliffe and Consett. TY, Paul",Hello! Can you confirm which stores have stock of the 10 motive menthol refills please?,Thu Nov 02 14:20:04 +0000 2017
Tesco_1225848,Tesco,"Your 8 pints of organic milk for £3 is a good offer, but why does it only last ""3+ days"" when other brands ""5+ days""?","Hi Mark, Can you DM us your full name, address and postcode so we can find this out for you :) can you send us the exact product too? - Jay","It’s #WorldPastaDay! From penne to spaghetti, treat the family to a healthy 🇮🇹 dish from our 10 favourites.
Your 8 pints of organic milk for £3 is a good offer, but why does it only last ""3+ days"" when other brands ""5+ days""?",Wed Oct 25 17:21:38 +0000 2017
Tesco_1439819,Tesco,Spoke to a homeless man outside of in Bristol today. Unfortunately security felt it necessary to swear at us both. Have reported him.,"Hi Jack, I'm very sorry to hear this, both of you should never have been spoken to like that! 1/3",Spoke to a homeless man outside of in Bristol today. Unfortunately security felt it necessary to swear at us both. Have reported him.,Thu Nov 02 11:42:30 +0000 2017
Tesco_443423,Tesco,Hey I’m a law abiding adult and agreeing to this request is ridiculous.,Hi there. Can you confirm which store this was in please? Thank you. - Alisha.,Hey I’m a law abiding adult and agreeing to this request is ridiculous.,Tue Nov 21 22:23:59 +0000 2017
Tesco_40622,Tesco,"hi, it's just to find out if your wishaw store is doing the midnight release for call of duty ww11","Hi Amy, thanks for getting in touch this morning. Only our stores that are open 24 hours will be doing a midnight release. 1/2","hi, it's just to find out if your wishaw store is doing the midnight release for call of duty ww11",Wed Nov 01 15:17:31 +0000 2017
Tesco_2171379,Tesco,Over 20 minutes waiting for microwave porridge only to find it’s not been started. Got my money back. Not the first time I’ve tweeted about this Café.,"I'm going to log this on our system for further review, can you send me the following details? Name, address and email. TY -Brooke 3/3",Over 20 minutes waiting for microwave porridge only to find it’s not been started. Got my money back. Not the first time I’ve tweeted about this Café.,Thu Nov 09 12:44:42 +0000 2017
Tesco_2473841,Tesco,Glad to hear 👍 Might be a good idea to check for any other similar products in this aisle as there's plenty from these companies containing MI 👎,"Hi there, thank you for your feedback. It is very valuable and we will take it on board. TY - Eve","Hi guys, you seem to be selling a leave-in cosmetic with the preservative MI which is banned. Will you remove from sale?
Thanks for bringing this to attention, I really appreciate your time! Please be assured that we will be ensuring this product is removed from sale :) All the best - Mat
Glad to hear 👍 Might be a good idea to check for any other similar products in this aisle as there's plenty from these companies containing MI 👎",Wed Nov 15 22:41:35 +0000 2017
Tesco_2031702,Tesco,is there any way I can change my deliver time? I've an emergency and won't be home now,"Hi Maria, thanks for getting back to us. I do apologise you will need to contact Happy Beds directly regarding this issue. TY - Sheryll",is there any way I can change my deliver time? I've an emergency and won't be home now,Tue Nov 07 14:04:39 +0000 2017
Tesco_1675641,Tesco,In store,"Hi Laura, I'm really sorry to hear that my customer service colleagues weren't more helpful. I would like to look in to this further 1/3","I wouldn't buy these chargers from went on fire while I was charging my phone and blew up customer services are useless 😡no help atol
I am very sorry about this Laura, I can certainly understand your concern. Did you purchase them online or in store? - Allyn
In store",Mon Nov 06 20:21:35 +0000 2017
Tesco_1002079,Tesco,Thank you for clarification. Have a nice day!,"No worries. If there's anything else, please do get back in touch. TY - Rhuari","Hi Martin, my colleagues were correct that the couldnt supply a 5p bag. You can read more on this here: TY - Paul
Thank you Paul. So understand from the article that once this bag is damaged it is going to be replaced for free?
Hi Martin, that is correct. If you buy one, that can be replaced for you as it is a bag for life. TY - Rhuari
Thank you for clarification. Have a nice day!",Sat Oct 14 15:21:34 +0000 2017
Tesco_1919713,Tesco,described as “easy peeler” though these small bits of peel beg to differ!,"I'll just need your name and address, as well as the bar code and expiry date if you still have it. Thanks - Cameron 2/2",described as “easy peeler” though these small bits of peel beg to differ!,Thu Oct 26 14:41:20 +0000 2017
Tesco_1440711,Tesco,"Ok, cheers Stacey","No problem, El. I hope you enjoy the game! :) Thanks - Isaac","if I come in store to get call of duty ww2 could I get that now rather than midnight, I’ll keep it on the down low 😘😘
Hi, I'm afraid not :( I know how long this wait must feel to you, but be sure to be there a midnight :) TY - Stacey.
Ok, cheers Stacey",Thu Nov 02 15:12:55 +0000 2017
Tesco_2716046,Tesco,Watched #blueplanet. Need industry to end use of plastic packaging #trickledownzeroplasticeffect can lead the way?,"We do take our responsibilities for the environment seriously Michelle and we have made great strides in reducing the amount of packaging we use, without increasing food waste. 1/2",Watched #blueplanet. Need industry to end use of plastic packaging #trickledownzeroplasticeffect can lead the way?,Mon Nov 20 05:49:24 +0000 2017
Tesco_2519754,Tesco,pay slip view isnt working 😩😩😩😩😩😩😩😩,"Hi Emmie, I'm sorry for the inconvenience. I've just tried logging on and have been able to access mine. Have you tried clearing the cache and cookies on your device? TY - Paul.",pay slip view isnt working 😩😩😩😩😩😩😩😩,Thu Nov 16 01:00:18 +0000 2017
Tesco_1293929,Tesco,"Hi Lawrence, pre ordered online on Monday.","Hi Peter, please DM us with your full name, address, postcode and order number. I'll check this for you :) TY - Kim","No pre order bonus code included with my ww2 pre order (from ) - where do I get it?
Hi Peter, can you tell me if you bought this in store or via Tesco direct? Lawrence
Hi Lawrence, pre ordered online on Monday.",Tue Nov 07 13:37:51 +0000 2017
Tesco_858140,Tesco,sort out your alarms or stop leaving security tags on paid clothes. Had to beat it off as I lost the receipt and already took tag off,"Hi Mikayla, I am very sorry that the security tags were left on this and can agree with your frustration. 1/4",sort out your alarms or stop leaving security tags on paid clothes. Had to beat it off as I lost the receipt and already took tag off,Fri Oct 20 16:47:24 +0000 2017
Tesco_1309009,Tesco,"This afternoon, I learned Maths. Quite right we didn't pay more, but we also got 75% of what we ordered, for the same price. Then ""Customer Services"" had the cheek to tell me I had accepted the substitution... Next time, their driver can wait whilst I check every item...","Can you please DM your full name, address and email? Also my colleagues are supposed to check these with you at the door to check if they're okay and if they are not suitable, they'll return them and refund you. - Emma 2/2","This afternoon, I learned Maths. Quite right we didn't pay more, but we also got 75% of what we ordered, for the same price. Then ""Customer Services"" had the cheek to tell me I had accepted the substitution... Next time, their driver can wait whilst I check every item...",Sat Nov 25 20:41:57 +0000 2017
Tesco_1060902,Tesco,I can sign in - but then I cannot access ‘my account’ I just get an error that says too many redirects occurred,"If you're using a mobile or tablet, try using a laptop or desktop as these will allow our site to run at its fullest capacity :) - Dawn 3/3","Can you elaborate on any errors you're encountering? I'd be happy to look into this for you :) Thanks - Mike 2/2
I get to this page and can’t sign in or go any further?
Hi Alex, have you been able to log onto our Direct website? - Danny
I can sign in - but then I cannot access ‘my account’ I just get an error that says too many redirects occurred",Sun Oct 15 12:16:10 +0000 2017
Tesco_1859890,Tesco,how do I pay for my grocery shop using a Tesco gift card?,This is because we can't provide you with the exact price that you'll be charged as payment isn't taken until the day of delivery. 2/5,how do I pay for my grocery shop using a Tesco gift card?,Mon Oct 30 04:52:54 +0000 2017
Tesco_2449811,Tesco,Queensway,"Hi James, I've spoken to the management at the store and they informed me the lanes were simply closed. 1/2","Come on how hard is it to work the tech? #technology
Hi James, it looks like their off rather than out of order. Which store was this in please? Thanks, Leah.
Queensway",Sun Oct 29 20:56:26 +0000 2017
Tesco_184837,Tesco,When did you stop? Can not recall being informed. 🙁,We're continuously welcoming new partners on Boost and unfortunately sometimes certain partnerships come to an end. Best wishes. Mike 2/2,"hi - can you tell me if you have stopped offering Thompson & Morgan gardening vouchers via Clubcard Boost?
Hi Danny, unfortunately our partnership with Thompson and Morgan has come to an end. I'm really sorry about that. Best wishes. Mike
When did you stop? Can not recall being informed. 🙁",Mon Oct 16 18:58:25 +0000 2017
Tesco_1454840,Tesco,"Bought a roast in the bag chicken dated 27th November on Monday. Just gone to put it in the oven,and it stinks. Clearly rotten as it's all slimy. Can't get to a branch as I'm caring for my mum after surgery.","Your full name, postcode & first line of address, price you paid, store you purchased from, barcode and your email address. Would you like your refund via email or post? Post can take up to 10 working days while email takes half hour. 2/3","Bought a roast in the bag chicken dated 27th November on Monday. Just gone to put it in the oven,and it stinks. Clearly rotten as it's all slimy. Can't get to a branch as I'm caring for my mum after surgery.",Sat Nov 25 12:54:29 +0000 2017
Tesco_32467,Tesco,"Hi There, still experiencing this issue - it’s been over a week now, and is stopping me from shopping. When will it be fixed??",Could I just ask whether you have tried logging in via a private browsing window? Kindest regards- Hannah. 2/2,"Hi there, I'm afraid we will be unable to notify you to when the fixes have been implemented. - Danny
Ok, if I ask now can you let me know if it has been fixed?
Hi, I'm afraid we are still experiencing some issues. Ty Andrew
Hi There, still experiencing this issue - it’s been over a week now, and is stopping me from shopping. When will it be fixed??",Mon Nov 06 20:37:03 +0000 2017
Tesco_1034359,Tesco,hello Rhys....send me your details and we can communicate.,"Hi Sarah, I have recorded your feedback with reference 2312723 for further review. TY - Joanne","Hi Sarah, you'll be able to see all of our recycling initiatives here; TY - George
yes TY George got that yesterday from Danny..still doesn't answer the question!
Hi Sarah, I'd like to make a log of your concerns for future review. Can you DM us your full name and address so I cna do so? Regards - Rhys
hello Rhys....send me your details and we can communicate.",Mon Oct 23 06:15:47 +0000 2017
Tesco_2729476,Tesco,"just found various bits of fluff in my meal deal salad. Put one in the bin thinking it’s flown in the air, but just found this inside a pasta tube ☹️ #LunchRuined","Hi Rebecca, I'm so sorry that you've found this in your pasta & I can certainly appreciate your concerns. 1/4","just found various bits of fluff in my meal deal salad. Put one in the bin thinking it’s flown in the air, but just found this inside a pasta tube ☹️ #LunchRuined",Mon Nov 20 14:46:15 +0000 2017
Tesco_2643581,Tesco,hi I have just bought chocolate puddings in your penarth store and opened them and they have a thick layer of white crust all over the packaging and the pudding,"Hi Mary-Kate, I'm really sorry to hear this, I understand how off-putting this must be. I'd like to log this feedback internally and issue you with a refund via Moneycard (either by post or email, your choice) 1/3",hi I have just bought chocolate puddings in your penarth store and opened them and they have a thick layer of white crust all over the packaging and the pudding,Fri Nov 17 22:12:28 +0000 2017
Tesco_938354,Tesco,disgusted to see an employee handle raw chicken w/ bare hands then carry on working in your Weybridge Xtra store this PM!,"Hi Lee, would you please be able to DM me a description of this employee and I will look into this. Thanks Megan",disgusted to see an employee handle raw chicken w/ bare hands then carry on working in your Weybridge Xtra store this PM!,Sat Oct 21 17:18:20 +0000 2017
Tesco_2031183,Tesco,Bought these blueberries over the weekend from Tescos! I was very disappointed as they were soft to touch never mind eat! #FinestFail,Lastly are you ok for us to pass your details to our supplier and would you like refund by post or email? Many thanks – Amanda 3/3,Bought these blueberries over the weekend from Tescos! I was very disappointed as they were soft to touch never mind eat! #FinestFail,Tue Nov 07 12:17:14 +0000 2017
Tesco_1170351,Tesco,this whole pack of free range chicken has gone off! What's the deal? Smells awful.,We'll then be able to record this data to ensure that our suppliers are aware. We can also offer you a Tesco Moneycard. 3/4,this whole pack of free range chicken has gone off! What's the deal? Smells awful.,Tue Oct 24 19:18:45 +0000 2017
Tesco_1510020,Tesco,Done 👍,We'll then be able to record this data to ensure that our suppliers are aware. We can also offer you a Tesco Moneycard. 3/4,"I've got 2 boxes of your pouch drinks that have no hole to insert straw into 😂
Can you follow us so I can send you a DM? Thanks - Mark 2/2
Done 👍",Tue Nov 07 21:29:46 +0000 2017
Tesco_131859,Tesco,Oh . I guess I'm just not going to get to try your vegan Christmas sandwich. Nowhere near me stocks it. Guess Gloucester just isn't #vegan enough. 3 stores tried. Very disappointing.,"Hi Miranda, please speak to the customer service desk at Gloucester superstore and provide this code TPN083810009. They can put in a request to bring it into the store, however we cannot promise anything - Allyn",Oh . I guess I'm just not going to get to try your vegan Christmas sandwich. Nowhere near me stocks it. Guess Gloucester just isn't #vegan enough. 3 stores tried. Very disappointing.,Fri Nov 24 08:00:12 +0000 2017
Tesco_1913694,Tesco,Think your groceries site is down - halfway through the shop and can't access anything. Pray to God it's saved everything!,"Hi there, thank you for getting in touch, sorry for the delay in my response we have been a bit busier than usual. 1/2",Think your groceries site is down - halfway through the shop and can't access anything. Pray to God it's saved everything!,Sun Oct 29 01:38:13 +0000 2017
Tesco_1326330,Tesco,are you going ahead with deliveries in Northern Ireland today or will they be cancelled? Thanks,"Hi there, we've not cancelled all orders but there have been cancellations across Northern Ireland 1/3",are you going ahead with deliveries in Northern Ireland today or will they be cancelled? Thanks,Mon Oct 16 12:28:55 +0000 2017
Tesco_2943805,Tesco,Whilst eating I’ve just found a stone inside my falafel and ‘smooth’ houmous Dip 😷,"Hi Cindy, I'm very sorry to see this and I totally appreciate your concerns! Please could you return to the store with the packaging, stone and receipt? As this will need to be fully investigated. You'll also be refunded too. Thanks, Calum",Whilst eating I’ve just found a stone inside my falafel and ‘smooth’ houmous Dip 😷,Wed Nov 29 14:52:21 +0000 2017
Tesco_2875328,Tesco,me and the family agree that this doesn’t taste as nice as it used to & then I noticed it says “new recipe” not for us I’m afraid.,I'm sorry to hear you are not a fan of our new recipe ice cream Glenn. I would like to register your comments for you. Can you DM your full name and address? Also what it is you don't like? TY - Jayne,me and the family agree that this doesn’t taste as nice as it used to & then I noticed it says “new recipe” not for us I’m afraid.,Tue Nov 28 05:05:32 +0000 2017
Tesco_1843471,Tesco,"not what I was expecting with my dinner last night? Stored and cooked correctly, not edible, not impressed!","Hi there, I'm so sorry for the poor quality, especially if you followed the instructions. Can you DM me please so I can sort this out? 1/3","not what I was expecting with my dinner last night? Stored and cooked correctly, not edible, not impressed!",Wed Oct 18 09:59:32 +0000 2017
Tesco_1255757,Tesco,Thank you,"Hi Emily. I have just tried contacting the store again, but sadly their phones are still not working at all. :( 1/2","I can try calling the store again later today or if you live close by might be best to pop into the store. Thanks, Jessica 2/2
I know this is my problem I can't call them either and I have previously said I cannot get to the store to check myself.
Hi Emily, the store are still not answering but I will keep trying to call them today:) Thanks Calum
Thank you",Sat Oct 28 07:30:12 +0000 2017
Tesco_156947,Tesco,"3for2 on Xmas paper and decos, turns out not the same deal even though right next to each other and signage the same design. Resulting in me being over charged for 'my mistake'. Got a refund when customer service said that they would warrant the deal.","Hi there, apologies for my confusion but did you get the items in the 3for2 or were you refunded the difference? Could you DM and elaborate on exactly what happened, the store it was and the name/description of my colleague? TY - Martin","Every Little Helps ??? I will crack the jokes worst cust service ever experienced all for £1.50
Hi there, Sorry to learn you've had bad customer service from us. Can you please elaborate further on what has happened and I will try to help you the best I can. Thanks - Lee
3for2 on Xmas paper and decos, turns out not the same deal even though right next to each other and signage the same design. Resulting in me being over charged for 'my mistake'. Got a refund when customer service said that they would warrant the deal.",Fri Nov 24 21:24:13 +0000 2017
Tesco_2564529,Tesco,melted gummy bears and a cup that broke as soon as I put it on my kitchen counter?,"Your full name, address, email address, barcode, price paid, date code and clear copy of your receipt? Also the supplier code(SC), would it be ok to pass your details to our supplier? Would you prefer your refund via the post or email? 2/2",melted gummy bears and a cup that broke as soon as I put it on my kitchen counter?,Thu Nov 16 18:16:23 +0000 2017
Tesco_1979555,Tesco,Only to turn up 20 mins later as whoever packed it packed it in the wrong part of the van! 😡😡 so much hassle & inconvenience,"Can you please DM your full name, address and email? I can address this for you. TY - Chris 2/2","Shocking delivery tonight! Poor driver embarrassed as NONE of our fridge order was sent on the delivery! Sick hubby now gone to Asda!
Only to turn up 20 mins later as whoever packed it packed it in the wrong part of the van! 😡😡 so much hassle & inconvenience",Tue Oct 31 20:30:23 +0000 2017
Tesco_1166277,Tesco,"Terrible new packaging .All icing left in the packaging,this was the best one in the shelf! Price not reduced to reflect bad change!","The info I would need to do this is, full name, full address, email, bar code, SC code and expiry & receipt. 4/5","Terrible new packaging .All icing left in the packaging,this was the best one in the shelf! Price not reduced to reflect bad change!",Sun Oct 15 12:46:56 +0000 2017
Tesco_1810158,Tesco,"young delivery driver stopped to assist collapsed lady at roadside, refused to leave until ambulance arrived #compassionate #cares","Hi Jodie, it's great to hear my colleague was able to help. Were you able to capture any details? I'd like to pass this on to store. - Mike","young delivery driver stopped to assist collapsed lady at roadside, refused to leave until ambulance arrived #compassionate #cares",Sat Oct 14 19:48:44 +0000 2017
Tesco_1172305,Tesco,"great fish pie for our dinner tonight. Just one suggestion , just some fish in it would have made all the difference","Lastly, are you happy for me to pass these details to our supplier? Ty - Darren 4/4","great fish pie for our dinner tonight. Just one suggestion , just some fish in it would have made all the difference",Tue Oct 24 19:49:17 +0000 2017
Tesco_2483170,Tesco,Don’t know what going on with your Website but driving me mad this morning. Keeps crashing,Sorry Ed! Our Technicians are working on this to get it back up to speed. Were you able to make an order afterwards? - Danny,Don’t know what going on with your Website but driving me mad this morning. Keeps crashing,Sun Oct 29 23:52:50 +0000 2017
Tesco_2694250,Tesco,have you stopped doing your own brand cup a soup????? #noalternative #upset,i'm sorry you are not able to buy our own brand cup a soups Victoria. I can understand your concerns. Please can you elaborate further on which flavour you are looking for? TY - Jayne,have you stopped doing your own brand cup a soup????? #noalternative #upset,Sun Nov 19 17:31:32 +0000 2017
Tesco_2166878,Tesco,"hi, I have s question about my club card, are you able to assist on here? Thanks","Hi Abby, yes we are. If you can DM us your name, address, Clubcard number and also your query, we can help. Thanks - Gemma :)","hi, I have s question about my club card, are you able to assist on here? Thanks",Thu Nov 09 09:36:15 +0000 2017
Tesco_1125556,Tesco,"Got my exchange yday for my Harry pop (damaged box), box 👌🖒🖒 but now no snitch 😫🙁 maybe get this right eventually 🙄😂",I can then look into this further for you. Kind regards - Andy 2/2,"Got my exchange yday for my Harry pop (damaged box), box 👌🖒🖒 but now no snitch 😫🙁 maybe get this right eventually 🙄😂",Sat Oct 14 14:34:43 +0000 2017
Tesco_2714301,Tesco,"Great! That’s a good start, now what about those plants?","Hi Matt, thanks for getting in touch. If you would like me to log this complaint as feedback please DM me with your full name, address and email address. Many Thanks - Mark","Hey did you watch #BluePlanet2 ? Let’s see some improvement on plastics - start by taking this #plastic off your plants! What’s stopping you? (And all those pastries behind...)
We have reduced packaging by nearly 28% across all our packaged products in recent years, which is an important environmental step. TY - Jayne 2/2
Great! That’s a good start, now what about those plants?",Mon Nov 20 10:57:46 +0000 2017
Tesco_536191,Tesco,Just tried to use Amex Apple Pay for diesel and told can’t do >£30. Why don’t you support limitless Apple Pay?,"Hi Martin, thanks for taking the time to contact us. Contactless payments in Tesco stores are currently limited to the standard contactless limit, which is £30. 1/2",Just tried to use Amex Apple Pay for diesel and told can’t do >£30. Why don’t you support limitless Apple Pay?,Sat Dec 02 13:17:44 +0000 2017
Tesco_1385317,Tesco,"why is you diesel more expensive in Stoke than Shrewsbury, Portsmouth Southampton? Why the difference",Thank you for contacting us about our fuel prices. I understand that you are concerned about fuel prices. 1/4,"why is you diesel more expensive in Stoke than Shrewsbury, Portsmouth Southampton? Why the difference",Sat Oct 28 09:15:04 +0000 2017
Tesco_1284692,Tesco,Mega out of order have put the price up for plastic bags by 5p 😡,"Hi Taylor, following a successful trial we decided to remove all single-use bags, and offer our customers a Bag for Life @ 10p. 1/3",Mega out of order have put the price up for plastic bags by 5p 😡,Thu Oct 26 18:16:01 +0000 2017
Tesco_2679434,Tesco,"shoutout to your smoked salmon and cream cheese bagel being in the meal deal, that's quality customer service right there","Hi Katie, I hope you enjoy the bagel! Thanks - ian","shoutout to your smoked salmon and cream cheese bagel being in the meal deal, that's quality customer service right there",Tue Oct 31 14:59:46 +0000 2017
Tesco_1364900,Tesco,I mean I admit I look young and accept being ID'd for alcohol still but a scratch card is a joke!! 😂🙈 #embaressment,Unfortunately we have a think 25 policy where anyone who looks under gets ID'd - Nick 2/2,"Still shocked that a employee has just I'D me for a scratch card and when I questioned if I really look 15 he said ""yes""! Im 22!! 😡😡😡
I mean I admit I look young and accept being ID'd for alcohol still but a scratch card is a joke!! 😂🙈 #embaressment",Fri Oct 27 21:26:00 +0000 2017
Tesco_501020,Tesco,2 bottles of Tesco bubble solution. Not a single bubble. #sadface,"I'll also need to know which store you bought the bottles from and how much you paid for them, along with a picture of the barcode. I look forward to your reply. Thanks - Dafydd 2/2",2 bottles of Tesco bubble solution. Not a single bubble. #sadface,Fri Dec 01 19:57:16 +0000 2017
Tesco_1474325,Tesco,"your 10 hour candles after an hour, one already given up, remaining 3 not looking good! Maybe could make them for you!",Can you also send us a picture of the full receipt and confirm if you're happy for us to pass these details to our suppliers? - Luciano 3/3,"your 10 hour candles after an hour, one already given up, remaining 3 not looking good! Maybe could make them for you!",Mon Oct 16 20:49:24 +0000 2017
Tesco_2120303,Tesco,"...and today’s award for the most selfish and rubbish parking (Chorley West branch) goes to this proud BMW owner, Congratulations Sir/Madam!",The Duty Manager has taken the registration and will take a look to see if the car is still there :) Thanks - Beth 2/2,"...and today’s award for the most selfish and rubbish parking (Chorley West branch) goes to this proud BMW owner, Congratulations Sir/Madam!",Wed Nov 08 15:02:47 +0000 2017
Tesco_924681,Tesco,"And here is why the environment-killing plastic wasters docit - MONEY. You disgust me,",A small proportion of the money raised is used to run and administer the scheme in partnership with the charity Groundwork. 2/3,"And here is why the environment-killing plastic wasters docit - MONEY. You disgust me,",Sat Oct 21 13:49:57 +0000 2017
Tesco_2687216,Tesco,Done,Thanks. I've logged this for you now. Please let me know if there's anything else I can help with. Charlotte,"Hi Keith, sorry that you felt embarrassed. Sometimes this can happen. We do explain this when you sign up & agree to our t's & c's. For more information please visit: - Laura
Ye but after all I scanned it decided to then go wrong a big company and thy still manage to embarrass customers and get the networking down
Hi Keith. If you'd like to DM which store you visited along with your full name and address, I'll be more than happy to forward your complaint to store management. Thanks - Chris.
Done",Sun Nov 19 17:23:31 +0000 2017
Tesco_1404416,Tesco,Yeah I think i'll be voting with my wallet going forward. #ByeFelicia,I can wholeheartedly understand your frustration and have escalated this and fed it back to the store. 2/3,"So after my complaint tweet storm - went into #Cumbernauld store to see if it had any impact. And it has just not the one it was...
supposed to. was in there half 2/3 o'clock. Already got quite a few empty shelves (its monday quietest day of the week)...
the only thing thats happened is they put out brown bagels. The example I used to express my annoyance... #MissedPoint
Yeah I think i'll be voting with my wallet going forward. #ByeFelicia",Mon Oct 16 16:47:52 +0000 2017
Tesco_2324451,Tesco,See first tweet in thread,"Hi Jack, this information will be a manufacturers reference. TY - Martin","Hey Jack :) We can 100% confirm there is no kestrel contained in this product. The ingredients are listed on the back of the packaging - Christie
Why is it on the packaging inside then?
Hi Jack, please can you send us an image of this? We can then get this looked into. TY - Aisha
See first tweet in thread",Tue Nov 21 17:31:43 +0000 2017
Tesco_1239255,Tesco,Done,"Hi Paul, I've responded to your DM :). - Peter","any chance you can start selling reveller in your stores? Fed up of having to travel to get my fix from different places
Hi Paul, I can certainly log your interest on our internal system. Please DM us your full name, address and name of the store. Paras
Done",Wed Nov 01 18:24:53 +0000 2017
Tesco_1768329,Tesco,VERY upset with . Bought what are labelled as red velvet cookies and turns out they are raisin and cinnamon and taste AWFUL :(,"Your full name, address, store visited and clear copy of your receipt? TY - Jayne 3/3",VERY upset with . Bought what are labelled as red velvet cookies and turns out they are raisin and cinnamon and taste AWFUL :(,Tue Nov 07 22:29:58 +0000 2017
Tesco_1000338,Tesco,Potatoes are HARD! They make it home fine from the greengrocers with no packaging at all. I'm boycotting anything packaged like this,"Hi Magali, if you can DM your name and address, I can have this logged for you. :) - Danny","Why do my four jacket potatoes require a plastic tray and plastic sleeve ? #overpackaging #environment
Hi Magali, I'm sorry that there is too much packaging. A plastic tray is used to protect potatoes. TY - Eve
Potatoes are HARD! They make it home fine from the greengrocers with no packaging at all. I'm boycotting anything packaged like this",Mon Oct 23 01:11:53 +0000 2017
Tesco_2554322,Tesco,Not sure what state these slimey cucumbers would be in by the 18th... #fruitandvegslimepack,"I'd like to get this logged, inform our suppliers & send you a full refund via Tesco Moneycard. To do this, please can you DM the following details: your name & full address, barcode and the use by/best before date. 2/4",Not sure what state these slimey cucumbers would be in by the 18th... #fruitandvegslimepack,Thu Nov 16 15:28:31 +0000 2017
Tesco_1752566,Tesco,“Fresh out of when I opened the packet”!,"Lastly, would it be okay to pass your details on to our supplier in case they wish to contact you? Thanks - Peter 5/5",“Fresh out of when I opened the packet”!,Tue Nov 07 18:43:41 +0000 2017
Tesco_110154,Tesco,It’s not a weighted product - it says 4 half slices on the front.,"Hi Tommy, I'm so sorry our honey roast ham wasn't up to it's usual standards. I can understand your frustration as I'm a big fan as well. 1/4","Hey you’ve sold me these crusts instead of slices of ham? #ripoff
I'm sorry to see this Tommy, as this is a weighted product can you advise if the weight was correct? TY - Jayne
It’s not a weighted product - it says 4 half slices on the front.",Thu Nov 23 19:55:44 +0000 2017
Tesco_2913716,Tesco,Very impressed with ‘s speedy response to my club card issue. Thanks guys!,"I'm glad to hear your issue was dealt with quickly! I'd like to feed this back :) Can you DM us the name of the colleague, if you can recall it? 1/2",Very impressed with ‘s speedy response to my club card issue. Thanks guys!,Tue Nov 28 22:42:21 +0000 2017
Tesco_2323843,Tesco,Hey when I selected no substitutions on my online shop you were supposed to not replace half my shop with substitions. Absolute joke.,"Hi Em thanks for getting in touch, I am really sorry to hear you asked for no substitutions & yet we have delivered a few, can you send us your name, address & email by DM please for us to access your account & look into it for you? - Mike",Hey when I selected no substitutions on my online shop you were supposed to not replace half my shop with substitions. Absolute joke.,Mon Nov 13 13:27:54 +0000 2017
Tesco_2519907,Tesco,Where is the supplier code found?,"Hi, the supplier code is often found near the barcode and looks something like this SC12345. Hope this helps :). Regards - Peter","can you spot the deliberate(?) mistake in this picture?
I'll give you a clue: there's not enough chicken!
Could you DM me your name, address/email address along with the product barcode and supplier code (SC)? Could you also take a picture of your receipt for me? (showing the numbers at the bottom). 2/3
Where is the supplier code found?",Sun Nov 26 19:49:46 +0000 2017
Tesco_1475791,Tesco,why is it £1.22 a litre of diesel in Abertillery? diesel is the easiest one to make so why is it so expensive?? If I hiked prices on a product I was selling I’d be call a thief. I vote boycotting completely.,"Hi Simon, our prices closely track the crude oil price, we pass on reductions as quickly as we can, and shield our customers from dramatic price increases. I hope this helps. Thanks - Gemma",why is it £1.22 a litre of diesel in Abertillery? diesel is the easiest one to make so why is it so expensive?? If I hiked prices on a product I was selling I’d be call a thief. I vote boycotting completely.,Thu Nov 30 20:06:11 +0000 2017
Tesco_1404923,Tesco,"Ah ok, that's cool cheers 👍🏻👍🏻",What he said. - Mike :),"just bought Assassins Creed Origins from the store, but it doesn't appear to be the English version. Can I get a refund?
After you update it the name will change to origins
Ah ok, that's cool cheers 👍🏻👍🏻",Sat Oct 28 18:25:07 +0000 2017
Tesco_2858967,Tesco,there was meant to be 4 in a box. I get 2 and scrumpled up one,"I'd need your name, address, email, the barcode and supplier code, the store you purchased them in and the price you paid? If possible could you also send an image of your receipt including the digits along the bottom? 2/3",there was meant to be 4 in a box. I get 2 and scrumpled up one,Mon Nov 27 22:05:40 +0000 2017
Tesco_1004693,Tesco,nice fresh veg....#qualitycontrol,"Your full name, your full address, email, and finally the store.3/4",nice fresh veg....#qualitycontrol,Sun Oct 22 15:41:28 +0000 2017
Tesco_2672721,Tesco,- so delivery driver ran out of time to bring my order apparently and no one rang to let me know !!! One very unhappy customer !!!,"Hi Rachel, I'm sorry, can you message me with your account name, address, tel number and email? Ty Andrew",- so delivery driver ran out of time to bring my order apparently and no one rang to let me know !!! One very unhappy customer !!!,Tue Oct 31 11:27:32 +0000 2017
Tesco_1559423,Tesco,"Your app is brill, but how about making it so that you can upload your selection basket to hand scanner in stores? Could it be done?","Hi Duncan, I'll be happy to log your feedback. Please DM your full name, address & email so I may do this. - Helena","Your app is brill, but how about making it so that you can upload your selection basket to hand scanner in stores? Could it be done?",Sat Nov 04 13:22:13 +0000 2017
Tesco_115374,Tesco,went to open my packet of Popchips and turns out they’re already open...😐😐😐 please send me a new bag🙈🙈,"Please can you DM your full name, address and the cost of the Popchips? I can then arrange a refund for you via a Moneycard. - Ceri 2/2",went to open my packet of Popchips and turns out they’re already open...😐😐😐 please send me a new bag🙈🙈,Thu Nov 23 21:24:06 +0000 2017
Tesco_2152059,Tesco,What's happened to the shopping list search on your groceries page ?,Unfortunately we have removed this function for the time being but I'd be happy to log your feedback regarding this change 2/3,What's happened to the shopping list search on your groceries page ?,Thu Nov 09 01:09:47 +0000 2017
Tesco_2273667,Tesco,"your food delivery service is going back to the bad old days, when you constantly failed to deliver what was ordered...CEO contact ?","Hi Thomas, sorry your deliveries recently have not met expectations. Please send me your full name, address and email address and I will look into it for you - Julie","your food delivery service is going back to the bad old days, when you constantly failed to deliver what was ordered...CEO contact ?",Sat Nov 11 13:06:58 +0000 2017
Tesco_2635974,Tesco,THIS IS NOT A DRILL. is now in,Hi Clare! Am I to believe you've got your Tesco favourites overseas? Hope we have everything covered! :) Thanks - David,THIS IS NOT A DRILL. is now in,Fri Nov 17 19:48:43 +0000 2017
Tesco_1896934,Tesco,Aparently they have no substitute for chicken and for a substitute for free range eggs are caged hens 🤔,"Hi Allie, I'm so sorry to hear we've been unable to offer a suitable substitution for you eggs or chicken. This does sound unusual. 1/2",Aparently they have no substitute for chicken and for a substitute for free range eggs are caged hens 🤔,Tue Oct 24 15:59:36 +0000 2017
Tesco_2933232,Tesco,brought a pack of Tesco’s finest oranges from Hammersmith and look how destroyed the orange is. You guys are RAW!!! for selling that. 😩,"So I can log this and send you a refund for these can you DM me your full name, address and email address? 2/4",brought a pack of Tesco’s finest oranges from Hammersmith and look how destroyed the orange is. You guys are RAW!!! for selling that. 😩,Wed Nov 29 09:21:52 +0000 2017
Tesco_1598827,Tesco,"Hey , where’s my shopping at? Over 40 minutes late so far and my husband is getting hangry 😂","Hi Anne, I'm so sorry your order was late! What time did it arrive? Can you DM your full name, address & email? Thanks - Emma","Hey , where’s my shopping at? Over 40 minutes late so far and my husband is getting hangry 😂",Sun Nov 05 03:36:56 +0000 2017
Tesco_2982161,Tesco,can you tell me what quantifies as a cake for the use of this voucher? So far I have purchased a box of cakes and a pack if doughnuts yet neither time has it been accepted. Confused of Birmingham,"Sorry Graham, can you DM me with your full name, address, Clubcard number and a picture of your receipt please? - Mart",can you tell me what quantifies as a cake for the use of this voucher? So far I have purchased a box of cakes and a pack if doughnuts yet neither time has it been accepted. Confused of Birmingham,Mon Nov 20 05:48:36 +0000 2017
Tesco_461639,Tesco,why has my cheese shrunk. The 1st pic is your description 2.5kg. I ordered 2. 2nd pic is what arrived.3rd pic description on order. Not a happy bunny. Think I've been short changed 😠😠,"Hello Leah, thank you for your query, the product description you are looking at, is for a packaged product. However the cheese is from our dairy counter. TY - Chris",why has my cheese shrunk. The 1st pic is your description 2.5kg. I ordered 2. 2nd pic is what arrived.3rd pic description on order. Not a happy bunny. Think I've been short changed 😠😠,Fri Dec 01 02:16:39 +0000 2017
Tesco_1079709,Tesco,you buy mushrooms and get a slug 🐌 free 🤢,"Please can you DM your full name, address, email, store visited, price, barcode, date code and supplier code (SC1234)? 2/4",you buy mushrooms and get a slug 🐌 free 🤢,Sun Oct 15 01:38:14 +0000 2017
Tesco_116665,Tesco,"Yes, Mannings Heath","Hi Nicole, we've had a chat with management in store, they've advised a large 'no entry' print is located on the road for customers to follow. I'm really sorry if a customer has not adhered to the signage displayed. 1/2","where have your ‘no entry’ signs gone (next to the cash machines) in the Tower Park car park? Just had somebody come up the wrong way and get quite aggressive with us
Hi Nicole, I'll find out for you. Please can you confirm it's the Poole Extra? Charlotte
Yes, Mannings Heath",Thu Nov 23 22:07:38 +0000 2017
Tesco_1246905,Tesco,Imagine my Twitter when I actually am 58😂,I can certainly understand your disappointment. I'd like to make a log of this on our system for review and also arrange a full refund. 1/4,"Love getting a mouldy pepper :))
You are a true 58 year old woman 😂
Imagine my Twitter when I actually am 58😂",Thu Oct 26 01:11:17 +0000 2017
Tesco_1961144,Tesco,I’m not impressed with my almost empty bag of popcorn and big lumps of sugar...! Not getting these again!,"Your Moneycard can be sent via email or by post, can you confirm which you’d prefer? 2/4",I’m not impressed with my almost empty bag of popcorn and big lumps of sugar...! Not getting these again!,Mon Oct 30 22:54:23 +0000 2017
Tesco_1033829,Tesco,Latest rip off from . Both packs the same. 😒,"Please could we have a clear picture of the barcode, date code and SC code that is usually near the Tesco address? 2/4",Latest rip off from . Both packs the same. 😒,Mon Oct 23 06:01:56 +0000 2017
Tesco_1946937,Tesco,Member of staff at tesco neath with slit throat for halloween. Totally inappropriate and offensive.,"Hi Sharon, thanks for getting in touch. I'm so sorry you found this colleague's Halloween outfit offensive. 1/3",Member of staff at tesco neath with slit throat for halloween. Totally inappropriate and offensive.,Mon Oct 30 12:38:02 +0000 2017
Tesco_2682333,Tesco,Mouldy grapes from bought yesterday Luton town centre. Waste of money!,Can we pass on your details to our supplier? - Jay 3/3,Mouldy grapes from bought yesterday Luton town centre. Waste of money!,Tue Oct 31 16:24:25 +0000 2017
Tesco_1408207,Tesco,Darren thankyou for that,"No problem! If you need anything else, please don't hesitate to get in touch. - Chris.","Seriously empty shelves! 9.30am on Saturday morning #haylingisland #bringonlidl
They have informed me that on Saturday they had an issue with the fridges and freezers in the store leading to the lack of stock. 2/3
Darren thankyou for that",Mon Oct 16 17:11:32 +0000 2017
Tesco_2230337,Tesco,my pre order for the Xbox one X still says the 10th Nov. But it's the 7th. Will it still be sent on for release day?,"Hey. Can you DM us your order number, full name and address please and I'll look into this? - Chloe",my pre order for the Xbox one X still says the 10th Nov. But it's the 7th. Will it still be sent on for release day?,Mon Nov 06 15:41:11 +0000 2017
Tesco_1574493,Tesco,They said it something to do with the barcode...,"Hi there, I'm sorry for the inconvenience. Can you please ask your mother to contact us? - 1/2","can you please add points for my mum. We have the receipts but the cashier couldn't scan them through
Did they say why the would't? Your mum needs to get in touch with her details, she can do this via her account or call 0800 59 16 88. TY
They said it something to do with the barcode...",Sat Nov 04 14:39:33 +0000 2017
Tesco_1565294,Tesco,you would think in this day and age I would be able to use my petrol voucher at the pay at pump,"Hi Philip, I am so sorry that you haven't been able to use your coupon on Pay at Pump. Amanda",you would think in this day and age I would be able to use my petrol voucher at the pay at pump,Sat Nov 04 13:52:45 +0000 2017
Tesco_141213,Tesco,"just because we are vegan, doesn’t mean we have no sense of taste. Your new vegan sandwich is shit","Followed by the price you paid for the product, the name of the store you bought this from and the barcode. We can send you a refund via post or email, which would suit you best? Thanks - Beth :)","just because we are vegan, doesn’t mean we have no sense of taste. Your new vegan sandwich is shit",Fri Nov 24 12:09:10 +0000 2017
Tesco_1665883,Tesco,- did someone forget to use spell check? X,I'll happily report this on my system so our suppliers and Head Office are made aware - Mat 2/2,- did someone forget to use spell check? X,Mon Nov 06 11:05:26 +0000 2017
Tesco_1028451,Tesco,hi just want to say your guy Mark in the St Enochs store in Glasgow made my day today. Guy deserves some good stuff in his life,I will ensure that store management are aware of your feedback. Kindest regards- Hannah. 3/3,hi just want to say your guy Mark in the St Enochs store in Glasgow made my day today. Guy deserves some good stuff in his life,Mon Oct 23 03:38:26 +0000 2017
Tesco_1625570,Tesco,please reply why can't I sign in to he app??,Can you try using the main website for the time being please? Many thanks. - Alex 2/2,please reply why can't I sign in to he app??,Sun Nov 05 18:18:40 +0000 2017
Tesco_2884511,Tesco,can you do this?!😩😘,"Hi Charl, is this the one you're after - Which of our stores do you shop at? TY - Clare",can you do this?!😩😘,Tue Nov 28 11:02:34 +0000 2017
Tesco_730107,Tesco,Oh dear spot the best deal here 🤣,"I'm sure which ever one you choose, you'll be happy with it. TY- Alison 2/2",Oh dear spot the best deal here 🤣,Wed Oct 11 09:54:28 +0000 2017
Tesco_2000869,Tesco,hey why no courgettes for online customers been trying for three weeks. Am now looking at and they have them may switch,"Hi there, I'm sorry you're having difficulty finding courgettes online right now 1/3",hey why no courgettes for online customers been trying for three weeks. Am now looking at and they have them may switch,Wed Oct 18 19:56:43 +0000 2017
Tesco_1446567,Tesco,Hello EB team - the fan has not been fixed and is still making an awful noise. Have Tesco been officially notified and if so are they planning to do something about it? thanks,"We have been now! I'm on the case and I'll get this passed onto the store. Thanks for letting us know, Huw. TY - Robyn","At end of Western Road
Did you get a chance to investigate? Thanks
Hi Huw, there is an issue with a fan, which belongs to Tesco. We are trying to get them to look at it ASAP. Thanks - EB Team
Hello EB team - the fan has not been fixed and is still making an awful noise. Have Tesco been officially notified and if so are they planning to do something about it? thanks",Thu Nov 02 16:04:11 +0000 2017
Tesco_773000,Tesco,Just spent an hour doing an online shop and the checkout won't accept any bank cards. Not happy!,I understand how disappointing and inconvenient this is and I'd like to help resolve this 2/3,Just spent an hour doing an online shop and the checkout won't accept any bank cards. Not happy!,Thu Oct 12 01:08:28 +0000 2017
Tesco_645138,Tesco,Just bought a coat from your Leigh store. Told no bags. Had to walk 10 mins home in rain. Coat now wet. Do you think everyone has a car??,"Hi Sheila, I'm so sorry to hear this. I would like to feed this back to store management. So I can do this can you please DM me any names/description of my colleague you spoke with? Please also include the time this happened. Thanks - Mark",Just bought a coat from your Leigh store. Told no bags. Had to walk 10 mins home in rain. Coat now wet. Do you think everyone has a car??,Wed Nov 22 18:25:10 +0000 2017
Tesco_1517011,Tesco,When you’re about to make your stir fry and are confronted with a smelly rat looking substance 🤢🤒😷,"Hi Aaron, thanks for getting in touch, I'm really sorry to see of this issue, I can understand how concerning this must have been. 1/4",When you’re about to make your stir fry and are confronted with a smelly rat looking substance 🤢🤒😷,Tue Oct 17 00:20:17 +0000 2017
Tesco_106374,Tesco,No we just left. it was about 11.00 am,"Thank you John, I am sorry to be a pain. Did you happen to have a name or description of my colleague? TY - Chris","thanks to .com shopper Carmen Tesco today who barged us out of the way to get to her fresh pasta without an excuse me or anything - cost you a customer left our full trolley and went to Sainsburys #EveryLittleHelps
Hi John, I'm so sorry about this! This really isn't on, did you report this when in store? Can you let me know what time you were in store? TY - Aimee
No we just left. it was about 11.00 am",Thu Nov 30 20:31:36 +0000 2017
Tesco_1940772,Tesco,mixed vegetables??? Not what I expected.,"Hi Devon, so sorry to see that your mixed veg only contains one vegetable. Can you DM us your full name, address and postcode? 1/3",mixed vegetables??? Not what I expected.,Sun Oct 29 21:44:26 +0000 2017
Tesco_2647759,Tesco,I forgot that I was in a corner shop thanks anyway😁,"Hi Luke, no problem. If there's anything else we can help with please let us know. Have a lovely evening. Thanks - Mark","Earlier I was with one of my mates in tesco and there was a asda smart value product on your shelves. Am I at a knock off tesco or what. I also bought a pack of doughnuts and I had extreme vomiting and diarrhoea.
Hi Luke, I'm very sorry to hear this, as you were unwell can you please return to the store where the relevant forms will be completed? Thanks - Mark
I forgot that I was in a corner shop thanks anyway😁",Fri Nov 17 22:46:22 +0000 2017
Tesco_2543286,Tesco,Rotton in wasp in colleagues sarnie... fucking rank Hindley !! Free food for life !!,"My colleagues will provide a refund, process a complaint & you'll receive a written response within 14 working days with the outcome - Laura 2/2",Rotton in wasp in colleagues sarnie... fucking rank Hindley !! Free food for life !!,Thu Nov 16 13:11:47 +0000 2017
Tesco_54520,Tesco,"Every time I buy chicken breast from I regret it. It’s all just water, have to drain the pan",I'm sorry to hear the chicken you purchased contained alot of water. I can understand how concerning this must be for you. 1/4,"Every time I buy chicken breast from I regret it. It’s all just water, have to drain the pan",Wed Nov 01 19:03:56 +0000 2017
Tesco_1054299,Tesco,Might even go to #Kilsyth or #Airdrie . The last few years you have really sucked . #DoBetter,I would like to look into this further and also log your feedback with the store to see what we can do to help. 2/3,"and it being an utter mess. Ever since you guys stopped being 24 hours it's like you forgot how to face up or stock shelves. ... /c
don't even get me started that you apparently no longer stock brown bagels. At all. I have a medical condition that means I can't eat ... /c
anything with wheat flour. and you do the sudden ""no longer stocking popular items"" thing all fricking time. Its disgraceful. #KnockItOff
Might even go to #Kilsyth or #Airdrie . The last few years you have really sucked . #DoBetter",Sat Oct 14 20:55:39 +0000 2017
